,Year,NOC,Host_Country,Bronze,Gold,Silver,Total_Medals,region,Season,Is_Host
0,1896,AUS,Greece,1,2,0,3,,,
1,1896,AUT,Greece,2,2,1,5,,,
2,1896,DEN,Greece,3,1,2,6,,,
3,1896,FRA,Greece,2,5,4,11,,,
4,1896,GBR,Greece,3,3,3,9,,,
5,1896,GER,Greece,2,25,5,32,,,
6,1896,GRE,Greece,20,10,18,48,,,
7,1896,HUN,Greece,3,2,1,6,,,
8,1896,SUI,Greece,0,1,2,3,,,
9,1896,USA,Greece,2,11,7,20,,,
10,1900,AUS,France,3,3,0,6,,,
11,1900,AUT,France,3,0,3,6,,,
12,1900,DEN,France,2,4,3,9,,,
13,1900,FRA,France,82,52,101,235,,,
14,1900,GBR,France,15,59,34,108,,,
15,1900,GER,France,11,14,20,45,,,
16,1900,HUN,France,2,1,2,5,,,
17,1900,SUI,France,1,16,4,21,,,
18,1900,USA,France,17,30,16,63,,,
19,1900,BEL,France,13,6,24,43,,,
20,1900,BOH,France,2,0,1,3,,,
21,1900,CAN,France,1,1,0,2,,,
22,1900,COL,France,0,0,1,1,,,
23,1900,CUB,France,0,1,1,2,,,
24,1900,ESP,France,0,2,0,2,,,
25,1900,HAI,France,0,1,0,1,,,
26,1900,IND,France,0,0,2,2,,,
27,1900,ITA,France,0,3,2,5,,,
28,1900,LUX,France,0,1,0,1,,,
29,1900,MEX,France,3,0,0,3,,,
30,1900,NED,France,16,3,8,27,,,
31,1900,NOR,France,3,0,6,9,,,
32,1900,NZL,France,0,1,0,1,,,
33,1900,SWE,France,1,3,0,4,,,
34,1904,AUS,USA,1,0,3,4,,,
35,1904,AUT,USA,1,2,1,4,,,
36,1904,FRA,USA,0,0,2,2,,,
37,1904,GBR,USA,0,1,1,2,,,
38,1904,GER,USA,7,4,5,16,,,
39,1904,GRE,USA,1,1,0,2,,,
40,1904,HUN,USA,1,2,1,4,,,
41,1904,SUI,USA,2,1,0,3,,,
42,1904,USA,USA,125,128,141,394,,,
43,1904,CAN,USA,12,27,9,48,,,
44,1904,CUB,USA,0,5,0,5,,,
45,1904,NOR,USA,0,2,0,2,,,
46,1906,AUS,Greece,3,0,0,3,,,
47,1906,AUT,Greece,3,3,3,9,,,
48,1906,DEN,Greece,1,14,19,34,,,
49,1906,FRA,Greece,28,20,16,64,,,
50,1906,GBR,Greece,8,9,22,39,,,
51,1906,GER,Greece,6,14,10,30,,,
52,1906,GRE,Greece,30,24,48,102,,,
53,1906,HUN,Greece,3,5,5,13,,,
54,1906,SUI,Greece,1,8,3,12,,,
55,1906,USA,Greece,6,12,6,24,,,
56,1906,BEL,Greece,6,2,3,11,,,
57,1906,BOH,Greece,3,0,0,3,,,
58,1906,CAN,Greece,0,1,1,2,,,
59,1906,ITA,Greece,27,21,8,56,,,
60,1906,NED,Greece,5,0,1,6,,,
61,1906,NOR,Greece,0,20,5,25,,,
62,1906,SWE,Greece,14,2,5,21,,,
63,1906,FIN,Greece,1,2,1,4,,,
64,1908,AUT,UK,1,0,0,1,,,
65,1908,DEN,UK,3,0,14,17,,,
66,1908,FRA,UK,23,12,5,40,,,
67,1908,GBR,UK,90,147,131,368,,,
68,1908,GER,UK,6,4,11,21,,,
69,1908,GRE,UK,1,0,3,4,,,
70,1908,HUN,UK,6,7,7,20,,,
71,1908,USA,UK,15,34,16,65,,,
72,1908,BEL,UK,8,1,24,33,,,
73,1908,BOH,UK,6,0,0,6,,,
74,1908,CAN,UK,30,14,8,52,,,
75,1908,ITA,UK,0,2,6,8,,,
76,1908,NED,UK,16,0,0,16,,,
77,1908,NOR,UK,3,7,32,42,,,
78,1908,SWE,UK,18,48,18,84,,,
79,1908,FIN,UK,28,1,1,30,,,
80,1908,ANZ,UK,2,15,2,19,,,
81,1908,RSA,UK,0,1,1,2,,,
82,1908,RUS,UK,0,1,2,3,,,
83,1912,AUT,Sweden,5,0,9,14,,,
84,1912,DEN,Sweden,33,5,49,87,,,
85,1912,FRA,Sweden,5,10,11,26,,,
86,1912,GBR,Sweden,59,47,64,170,,,
87,1912,GER,Sweden,23,11,19,53,,,
88,1912,GRE,Sweden,1,1,0,2,,,
89,1912,HUN,Sweden,3,10,17,30,,,
90,1912,SUI,Sweden,0,2,0,2,,,
91,1912,USA,Sweden,36,46,25,107,,,
92,1912,BEL,Sweden,11,7,1,19,,,
93,1912,CAN,Sweden,3,3,2,8,,,
94,1912,ITA,Sweden,2,22,1,25,,,
95,1912,NED,Sweden,26,0,0,26,,,
96,1912,NOR,Sweden,34,40,6,80,,,
97,1912,SWE,Sweden,25,103,62,190,,,
98,1912,FIN,Sweden,22,9,40,71,,,
99,1912,ANZ,Sweden,3,5,2,10,,,
100,1912,RSA,Sweden,0,5,2,7,,,
101,1912,RUS,Sweden,9,0,5,14,,,
102,1920,AUS,Belgium,1,0,6,7,,,
103,1920,DEN,Belgium,1,26,44,71,,,
104,1920,FRA,Belgium,57,13,71,141,,,
105,1920,GBR,Belgium,17,52,42,111,,,
106,1920,GRE,Belgium,0,0,5,5,,,
107,1920,SUI,Belgium,21,6,2,29,,,
108,1920,USA,Belgium,38,111,45,194,,,
109,1920,BEL,Belgium,66,57,65,188,,,
110,1920,CAN,Belgium,3,10,3,16,,,
111,1920,ESP,Belgium,0,0,23,23,,,
112,1920,ITA,Belgium,8,67,9,84,,,
113,1920,LUX,Belgium,0,0,1,1,,,
114,1920,NED,Belgium,25,15,10,50,,,
115,1920,NOR,Belgium,27,58,52,137,,,
116,1920,NZL,Belgium,1,0,0,1,,,
117,1920,SWE,Belgium,64,52,38,154,,,
118,1920,FIN,Belgium,17,21,14,52,,,
119,1920,RSA,Belgium,6,3,12,21,,,
120,1920,BRA,Belgium,5,1,1,7,,,
121,1920,EST,Belgium,0,1,2,3,,,
122,1920,JPN,Belgium,0,0,3,3,,,
123,1920,TCH,Belgium,10,0,0,10,,,
124,1924,AUS,France,2,4,5,11,,,
125,1924,AUT,France,1,3,4,8,,,
126,1924,DEN,France,3,2,9,14,,,
127,1924,FRA,France,32,37,51,120,,,
128,1924,GBR,France,30,31,34,95,,,
129,1924,GRE,France,0,1,0,1,,,
130,1924,HUN,France,8,2,12,22,,,
131,1924,SUI,France,22,22,25,69,,,
132,1924,USA,France,50,98,46,194,,,
133,1924,BEL,France,11,3,30,44,,,
134,1924,CAN,France,1,9,19,29,,,
135,1924,HAI,France,5,0,0,5,,,
136,1924,IND,France,0,7,0,7,,,
137,1924,ITA,France,21,25,5,51,,,
138,1924,LUX,France,0,1,1,2,,,
139,1924,NED,France,18,8,1,27,,,
140,1924,NOR,France,9,18,12,39,,,
141,1924,NZL,France,1,0,0,1,,,
142,1924,SWE,France,43,8,30,81,,,
143,1924,FIN,France,18,28,21,67,,,
144,1924,RSA,France,1,1,1,3,,,
145,1924,EST,France,4,1,1,6,,,
146,1924,JPN,France,1,0,0,1,,,
147,1924,TCH,France,5,1,4,10,,,
148,1924,ARG,France,2,5,3,10,,,
149,1924,IRL,France,1,0,1,2,,,
150,1924,MON,France,1,0,0,1,,,
151,1924,NEP,France,0,1,0,1,,,
152,1924,POL,France,1,0,4,5,,,
153,1924,POR,France,4,0,0,4,,,
154,1924,ROU,France,16,0,0,16,,,
155,1924,URU,France,0,14,0,14,,,
156,1924,YUG,France,0,2,0,2,,,
157,1928,AUS,Netherlands,1,1,2,4,,,
158,1928,AUT,Netherlands,2,3,0,5,,,
159,1928,AUT,Switzerland,2,0,4,6,,,
160,1928,DEN,Netherlands,4,6,5,15,,,
161,1928,FRA,Netherlands,14,12,24,50,,,
162,1928,FRA,Switzerland,0,2,0,2,,,
163,1928,GBR,Netherlands,24,7,27,58,,,
164,1928,GBR,Switzerland,1,0,0,1,,,
165,1928,GER,Netherlands,41,21,15,77,,,
166,1928,GER,Switzerland,5,0,0,5,,,
167,1928,HUN,Netherlands,0,10,11,21,,,
168,1928,SUI,Netherlands,4,16,10,30,,,
169,1928,SUI,Switzerland,12,0,0,12,,,
170,1928,USA,Netherlands,17,47,24,88,,,
171,1928,USA,Switzerland,2,6,6,14,,,
172,1928,BEL,Netherlands,4,0,1,5,,,
173,1928,BEL,Switzerland,1,0,0,1,,,
174,1928,CAN,Netherlands,21,7,5,33,,,
175,1928,CAN,Switzerland,0,12,0,12,,,
176,1928,ESP,Netherlands,0,3,0,3,,,
177,1928,HAI,Netherlands,0,0,1,1,,,
178,1928,IND,Netherlands,0,14,0,14,,,
179,1928,ITA,Netherlands,26,24,22,72,,,
180,1928,LUX,Netherlands,0,1,0,1,,,
181,1928,NED,Netherlands,8,20,29,57,,,
182,1928,NOR,Netherlands,1,4,4,9,,,
183,1928,NOR,Switzerland,5,6,4,15,,,
184,1928,NZL,Netherlands,0,1,0,1,,,
185,1928,SWE,Netherlands,22,7,8,37,,,
186,1928,SWE,Switzerland,1,2,13,16,,,
187,1928,FIN,Netherlands,9,8,8,25,,,
188,1928,FIN,Switzerland,1,2,1,4,,,
189,1928,RSA,Netherlands,5,1,0,6,,,
190,1928,EST,Netherlands,6,2,1,9,,,
191,1928,JPN,Netherlands,1,2,6,9,,,
192,1928,TCH,Netherlands,2,2,12,16,,,
193,1928,TCH,Switzerland,1,0,0,1,,,
194,1928,ARG,Netherlands,5,3,18,26,,,
195,1928,IRL,Netherlands,0,1,0,1,,,
196,1928,POL,Netherlands,15,2,3,20,,,
197,1928,POR,Netherlands,6,0,0,6,,,
198,1928,URU,Netherlands,0,17,0,17,,,
199,1928,YUG,Netherlands,10,1,1,12,,,
200,1928,CHI,Netherlands,0,0,1,1,,,
201,1928,EGY,Netherlands,1,2,1,4,,,
202,1928,PHI,Netherlands,1,0,0,1,,,
203,1932,AUS,USA,1,3,1,5,,,
204,1932,AUT,USA,3,2,2,7,,,
205,1932,DEN,USA,4,0,7,11,,,
206,1932,FRA,USA,6,28,8,42,,,
207,1932,GBR,USA,14,9,12,35,,,
208,1932,GER,USA,21,10,26,57,,,
209,1932,HUN,USA,10,20,5,35,,,
210,1932,SUI,USA,0,0,3,3,,,
211,1932,USA,USA,64,91,68,223,,,
212,1932,BEL,USA,1,0,0,1,,,
213,1932,CAN,USA,29,16,14,59,,,
214,1932,ESP,USA,1,0,0,1,,,
215,1932,IND,USA,0,15,0,15,,,
216,1932,ITA,USA,18,21,38,77,,,
217,1932,MEX,USA,0,0,2,2,,,
218,1932,NED,USA,1,2,10,13,,,
219,1932,NOR,USA,3,3,4,10,,,
220,1932,NZL,USA,0,0,2,2,,,
221,1932,SWE,USA,12,14,9,35,,,
222,1932,FIN,USA,17,6,9,32,,,
223,1932,RSA,USA,3,2,0,5,,,
224,1932,JPN,USA,4,10,17,31,,,
225,1932,TCH,USA,2,1,3,6,,,
226,1932,ARG,USA,0,3,1,4,,,
227,1932,IRL,USA,0,2,0,2,,,
228,1932,POL,USA,14,3,4,21,,,
229,1932,URU,USA,1,0,0,1,,,
230,1932,PHI,USA,3,0,0,3,,,
231,1932,LAT,USA,0,0,1,1,,,
232,1936,AUS,Germany,1,0,0,1,,,
233,1936,AUT,Germany,9,7,44,60,,,
234,1936,DEN,Germany,3,0,3,6,,,
235,1936,FRA,Germany,19,13,13,45,,,
236,1936,GBR,Germany,12,24,17,53,,,
237,1936,GER,Germany,61,97,73,231,,,
238,1936,HUN,Germany,17,25,1,43,,,
239,1936,SUI,Germany,24,9,29,62,,,
240,1936,USA,Germany,30,53,29,112,,,
241,1936,BEL,Germany,14,0,0,14,,,
242,1936,CAN,Germany,9,1,25,35,,,
243,1936,IND,Germany,0,19,0,19,,,
244,1936,ITA,Germany,5,37,34,76,,,
245,1936,MEX,Germany,16,0,0,16,,,
246,1936,NED,Germany,21,9,7,37,,,
247,1936,NOR,Germany,18,8,20,46,,,
248,1936,NZL,Germany,0,1,0,1,,,
249,1936,SWE,Germany,23,9,13,45,,,
250,1936,FIN,Germany,16,12,8,36,,,
251,1936,RSA,Germany,0,0,1,1,,,
252,1936,EST,Germany,3,2,2,7,,,
253,1936,JPN,Germany,10,9,4,23,,,
254,1936,TCH,Germany,1,5,12,18,,,
255,1936,ARG,Germany,4,5,2,11,,,
256,1936,POL,Germany,6,0,6,12,,,
257,1936,POR,Germany,3,0,0,3,,,
258,1936,ROU,Germany,0,0,1,1,,,
259,1936,YUG,Germany,0,0,1,1,,,
260,1936,EGY,Germany,2,2,1,5,,,
261,1936,PHI,Germany,1,0,0,1,,,
262,1936,LAT,Germany,1,0,1,2,,,
263,1936,TUR,Germany,1,1,0,2,,,
264,1948,AUS,UK,5,2,9,16,,,
265,1948,AUT,Switzerland,4,1,3,8,,,
266,1948,AUT,UK,4,2,2,8,,,
267,1948,DEN,UK,27,7,17,51,,,
268,1948,FRA,Switzerland,2,2,1,5,,,
269,1948,FRA,UK,24,26,22,72,,,
270,1948,GBR,Switzerland,2,0,0,2,,,
271,1948,GBR,UK,12,7,42,61,,,
272,1948,HUN,Switzerland,0,0,2,2,,,
273,1948,HUN,UK,22,15,25,62,,,
274,1948,SUI,Switzerland,19,4,5,28,,,
275,1948,SUI,UK,6,5,25,36,,,
276,1948,USA,Switzerland,6,6,4,16,,,
277,1948,USA,UK,35,87,30,152,,,
278,1948,BEL,Switzerland,0,2,4,6,,,
279,1948,BEL,UK,8,5,2,15,,,
280,1948,CAN,Switzerland,2,13,0,15,,,
281,1948,CAN,UK,5,0,2,7,,,
282,1948,CUB,UK,0,0,2,2,,,
283,1948,ESP,UK,0,0,3,3,,,
284,1948,IND,UK,0,20,0,20,,,
285,1948,ITA,Switzerland,0,1,0,1,,,
286,1948,ITA,UK,14,21,32,67,,,
287,1948,MEX,UK,4,4,1,9,,,
288,1948,NED,UK,32,8,2,42,,,
289,1948,NOR,Switzerland,6,4,3,13,,,
290,1948,NOR,UK,11,3,4,18,,,
291,1948,SWE,Switzerland,3,7,3,13,,,
292,1948,SWE,UK,30,30,15,75,,,
293,1948,FIN,Switzerland,2,1,6,9,,,
294,1948,FIN,UK,8,17,8,33,,,
295,1948,RSA,UK,2,2,2,6,,,
296,1948,BRA,UK,10,0,0,10,,,
297,1948,TCH,Switzerland,0,0,17,17,,,
298,1948,TCH,UK,3,14,3,20,,,
299,1948,ARG,UK,1,3,7,11,,,
300,1948,IRL,UK,1,0,0,1,,,
301,1948,POL,UK,1,1,0,2,,,
302,1948,POR,UK,3,0,2,5,,,
303,1948,URU,UK,2,0,1,3,,,
304,1948,YUG,UK,0,0,16,16,,,
305,1948,EGY,UK,1,2,2,5,,,
306,1948,TUR,UK,2,6,4,12,,,
307,1948,IRI,UK,1,0,0,1,,,
308,1948,JAM,UK,0,1,2,3,,,
309,1948,KOR,UK,2,0,0,2,,,
310,1948,PAN,UK,2,0,0,2,,,
311,1948,PER,UK,0,1,0,1,,,
312,1948,PUR,UK,1,0,0,1,,,
313,1948,SRI,UK,0,0,1,1,,,
314,1948,TTO,UK,0,0,1,1,,,
315,1952,AUS,Finland,11,7,2,20,,,
316,1952,AUT,Finland,2,0,1,3,,,
317,1952,AUT,Norway,2,2,4,8,,,
318,1952,DEN,Finland,5,3,1,9,,,
319,1952,FRA,Finland,17,14,9,40,,,
320,1952,FRA,Norway,1,0,0,1,,,
321,1952,GBR,Finland,26,3,2,31,,,
322,1952,GBR,Norway,0,1,0,1,,,
323,1952,GER,Finland,26,0,14,40,,,
324,1952,GER,Norway,2,8,2,12,,,
325,1952,HUN,Finland,32,53,17,102,,,
326,1952,HUN,Norway,2,0,0,2,,,
327,1952,SUI,Finland,12,2,19,33,,,
328,1952,SUI,Norway,6,0,0,6,,,
329,1952,USA,Finland,28,83,23,134,,,
330,1952,USA,Norway,1,4,25,30,,,
331,1952,BEL,Finland,0,5,3,8,,,
332,1952,CAN,Finland,0,1,3,4,,,
333,1952,CAN,Norway,1,16,0,17,,,
334,1952,ESP,Finland,0,0,1,1,,,
335,1952,IND,Finland,1,14,0,15,,,
336,1952,ITA,Finland,15,17,22,54,,,
337,1952,ITA,Norway,1,1,0,2,,,
338,1952,LUX,Finland,0,1,0,1,,,
339,1952,MEX,Finland,0,0,1,1,,,
340,1952,NED,Finland,0,0,18,18,,,
341,1952,NED,Norway,0,0,3,3,,,
342,1952,NOR,Finland,0,5,8,13,,,
343,1952,NOR,Norway,6,7,6,19,,,
344,1952,NZL,Finland,2,1,0,3,,,
345,1952,SWE,Finland,23,23,24,70,,,
346,1952,SWE,Norway,23,0,0,23,,,
347,1952,FIN,Finland,29,8,3,40,,,
348,1952,FIN,Norway,2,6,4,12,,,
349,1952,RSA,Finland,4,2,8,14,,,
350,1952,BRA,Finland,2,1,0,3,,,
351,1952,JPN,Finland,2,1,9,12,,,
352,1952,TCH,Finland,10,11,4,25,,,
353,1952,ARG,Finland,2,2,2,6,,,
354,1952,IRL,Finland,0,0,1,1,,,
355,1952,POL,Finland,1,1,2,4,,,
356,1952,POR,Finland,2,0,0,2,,,
357,1952,ROU,Finland,2,1,1,4,,,
358,1952,URU,Finland,14,0,0,14,,,
359,1952,YUG,Finland,0,4,20,24,,,
360,1952,CHI,Finland,0,0,4,4,,,
361,1952,EGY,Finland,1,0,0,1,,,
362,1952,TUR,Finland,1,2,0,3,,,
363,1952,IRI,Finland,4,0,3,7,,,
364,1952,JAM,Finland,0,5,3,8,,,
365,1952,KOR,Finland,2,0,0,2,,,
366,1952,TTO,Finland,2,0,0,2,,,
367,1952,BUL,Finland,1,0,0,1,,,
368,1952,LIB,Finland,1,0,1,2,,,
369,1952,URS,Finland,19,36,62,117,,,
370,1952,VEN,Finland,1,0,0,1,,,
371,1956,AUS,Australia,26,28,13,67,,,
372,1956,AUT,Australia,4,0,0,4,,,
373,1956,AUT,Italy,4,5,3,12,,,
374,1956,DEN,Australia,1,1,3,5,,,
375,1956,DEN,Sweden,0,0,1,1,,,
376,1956,FRA,Australia,13,7,13,33,,,
377,1956,GBR,Australia,18,5,16,39,,,
378,1956,GBR,Sweden,4,3,0,7,,,
379,1956,GER,Australia,22,5,13,40,,,
380,1956,GER,Italy,1,1,0,2,,,
381,1956,GER,Sweden,1,4,7,12,,,
382,1956,GRE,Australia,1,0,0,1,,,
383,1956,HUN,Australia,14,30,20,64,,,
384,1956,HUN,Italy,2,0,0,2,,,
385,1956,SUI,Italy,2,6,2,10,,,
386,1956,SUI,Sweden,3,0,0,3,,,
387,1956,USA,Australia,20,61,42,123,,,
388,1956,USA,Italy,5,2,19,26,,,
389,1956,BEL,Australia,0,0,2,2,,,
390,1956,CAN,Australia,2,5,9,16,,,
391,1956,CAN,Italy,18,0,2,20,,,
392,1956,CAN,Sweden,3,0,0,3,,,
393,1956,IND,Australia,0,17,0,17,,,
394,1956,ITA,Australia,9,26,7,42,,,
395,1956,ITA,Italy,0,2,6,8,,,
396,1956,ITA,Sweden,1,0,4,5,,,
397,1956,MEX,Australia,1,1,0,2,,,
398,1956,NOR,Australia,2,1,0,3,,,
399,1956,NOR,Italy,1,2,1,4,,,
400,1956,NZL,Australia,0,3,0,3,,,
401,1956,SWE,Australia,6,9,14,29,,,
402,1956,SWE,Italy,9,2,4,15,,,
403,1956,SWE,Sweden,0,5,0,5,,,
404,1956,FIN,Australia,22,3,1,26,,,
405,1956,FIN,Italy,1,5,6,12,,,
406,1956,RSA,Australia,7,0,0,7,,,
407,1956,BRA,Australia,0,1,0,1,,,
408,1956,JPN,Australia,5,4,15,24,,,
409,1956,JPN,Italy,0,0,1,1,,,
410,1956,TCH,Australia,1,1,5,7,,,
411,1956,ARG,Australia,1,0,1,2,,,
412,1956,IRL,Australia,3,1,1,5,,,
413,1956,POL,Australia,9,1,9,19,,,
414,1956,POL,Italy,1,0,0,1,,,
415,1956,ROU,Australia,10,6,3,19,,,
416,1956,URU,Australia,12,0,0,12,,,
417,1956,YUG,Australia,0,0,23,23,,,
418,1956,CHI,Australia,2,0,2,4,,,
419,1956,TUR,Australia,2,3,2,7,,,
420,1956,IRI,Australia,1,2,2,5,,,
421,1956,KOR,Australia,1,0,1,2,,,
422,1956,BUL,Australia,14,1,3,18,,,
423,1956,URS,Australia,55,68,46,169,,,
424,1956,URS,Italy,6,26,5,37,,,
425,1956,BAH,Australia,2,0,0,2,,,
426,1956,ISL,Australia,0,0,1,1,,,
427,1956,PAK,Australia,0,0,14,14,,,
428,1960,AUS,Italy,11,11,24,46,,,
429,1960,AUT,Italy,0,1,2,3,,,
430,1960,AUT,USA,3,1,2,6,,,
431,1960,DEN,Italy,4,2,17,23,,,
432,1960,FRA,Italy,6,0,6,12,,,
433,1960,FRA,USA,2,1,0,3,,,
434,1960,GBR,Italy,15,2,11,28,,,
435,1960,GER,Italy,22,34,33,89,,,
436,1960,GER,USA,1,4,4,9,,,
437,1960,GRE,Italy,0,3,0,3,,,
438,1960,HUN,Italy,37,13,16,66,,,
439,1960,SUI,Italy,6,0,6,12,,,
440,1960,SUI,USA,0,2,0,2,,,
441,1960,USA,Italy,21,81,23,125,,,
442,1960,USA,USA,4,19,4,27,,,
443,1960,BEL,Italy,2,0,2,4,,,
444,1960,CAN,Italy,0,0,9,9,,,
445,1960,CAN,USA,1,3,17,21,,,
446,1960,ESP,Italy,14,0,0,14,,,
447,1960,IND,Italy,0,0,13,13,,,
448,1960,ITA,Italy,34,36,18,88,,,
449,1960,ITA,USA,1,0,0,1,,,
450,1960,MEX,Italy,1,0,0,1,,,
451,1960,NED,Italy,2,0,1,3,,,
452,1960,NED,USA,1,0,1,2,,,
453,1960,NOR,Italy,0,2,0,2,,,
454,1960,NOR,USA,0,3,6,9,,,
455,1960,NZL,Italy,1,2,0,3,,,
456,1960,SWE,Italy,3,2,2,7,,,
457,1960,SWE,USA,2,5,2,9,,,
458,1960,FIN,Italy,4,1,1,6,,,
459,1960,FIN,USA,5,5,3,13,,,
460,1960,RSA,Italy,2,0,1,3,,,
461,1960,BRA,Italy,13,0,0,13,,,
462,1960,JPN,Italy,12,9,10,31,,,
463,1960,TCH,Italy,11,4,7,22,,,
464,1960,TCH,USA,0,0,1,1,,,
465,1960,ARG,Italy,1,0,3,4,,,
466,1960,POL,Italy,15,4,11,30,,,
467,1960,POL,USA,1,0,1,2,,,
468,1960,POR,Italy,0,0,2,2,,,
469,1960,ROU,Italy,11,3,1,15,,,
470,1960,YUG,Italy,0,16,1,17,,,
471,1960,TUR,Italy,0,7,2,9,,,
472,1960,IRI,Italy,3,0,1,4,,,
473,1960,BUL,Italy,3,1,3,7,,,
474,1960,URS,Italy,45,61,63,169,,,
475,1960,URS,USA,28,7,7,42,,,
476,1960,VEN,Italy,1,0,0,1,,,
477,1960,PAK,Italy,1,13,0,14,,,
478,1960,ETH,Italy,0,1,0,1,,,
479,1960,GHA,Italy,0,0,1,1,,,
480,1960,IRQ,Italy,1,0,0,1,,,
481,1960,MAR,Italy,0,0,1,1,,,
482,1960,SGP,Italy,0,0,1,1,,,
483,1960,TPE,Italy,0,0,1,1,,,
484,1960,UAR,Italy,1,0,1,2,,,
485,1960,WIF,Italy,5,0,0,5,,,
486,1964,AUS,Japan,30,8,6,44,,,
487,1964,AUT,Austria,3,5,9,17,,,
488,1964,DEN,Japan,4,7,1,12,,,
489,1964,FRA,Austria,0,3,4,7,,,
490,1964,FRA,Japan,17,1,13,31,,,
491,1964,GBR,Austria,0,2,0,2,,,
492,1964,GBR,Japan,5,4,19,28,,,
493,1964,GER,Austria,3,3,4,10,,,
494,1964,GER,Japan,50,22,44,116,,,
495,1964,HUN,Japan,7,42,7,56,,,
496,1964,SUI,Japan,1,1,4,6,,,
497,1964,USA,Austria,5,1,2,8,,,
498,1964,USA,Japan,37,95,37,169,,,
499,1964,BEL,Japan,1,2,0,3,,,
500,1964,CAN,Austria,1,4,2,7,,,
501,1964,CAN,Japan,1,2,2,5,,,
502,1964,CUB,Japan,0,0,1,1,,,
503,1964,IND,Japan,0,15,0,15,,,
504,1964,ITA,Austria,8,0,2,10,,,
505,1964,ITA,Japan,9,14,28,51,,,
506,1964,MEX,Japan,1,0,0,1,,,
507,1964,NED,Austria,0,1,1,2,,,
508,1964,NED,Japan,16,5,10,31,,,
509,1964,NOR,Austria,6,3,6,15,,,
510,1964,NZL,Japan,2,4,0,6,,,
511,1964,SWE,Austria,1,6,21,28,,,
512,1964,SWE,Japan,8,3,4,15,,,
513,1964,FIN,Austria,5,3,7,15,,,
514,1964,FIN,Japan,2,3,0,5,,,
515,1964,BRA,Japan,12,0,0,12,,,
516,1964,JPN,Japan,25,32,5,62,,,
517,1964,TCH,Austria,17,0,0,17,,,
518,1964,TCH,Japan,12,5,37,54,,,
519,1964,ARG,Japan,0,0,1,1,,,
520,1964,IRL,Japan,1,0,0,1,,,
521,1964,POL,Japan,23,10,13,46,,,
522,1964,ROU,Japan,10,2,4,16,,,
523,1964,URU,Japan,1,0,0,1,,,
524,1964,YUG,Japan,2,2,11,15,,,
525,1964,PHI,Japan,0,0,1,1,,,
526,1964,TUR,Japan,1,2,3,6,,,
527,1964,IRI,Japan,2,0,0,2,,,
528,1964,KOR,Japan,1,0,2,3,,,
529,1964,TTO,Japan,5,0,1,6,,,
530,1964,BUL,Japan,2,3,5,10,,,
531,1964,URS,Austria,9,30,8,47,,,
532,1964,URS,Japan,51,60,63,174,,,
533,1964,BAH,Japan,0,2,0,2,,,
534,1964,PAK,Japan,0,0,16,16,,,
535,1964,ETH,Japan,0,1,0,1,,,
536,1964,GHA,Japan,1,0,0,1,,,
537,1964,KEN,Japan,1,0,0,1,,,
538,1964,NGR,Japan,1,0,0,1,,,
539,1964,PRK,Austria,0,0,1,1,,,
540,1964,TUN,Japan,1,0,1,2,,,
541,1968,AUS,Mexico,11,5,35,51,,,
542,1968,AUT,France,4,3,8,15,,,
543,1968,AUT,Mexico,3,0,2,5,,,
544,1968,DEN,Mexico,6,5,6,17,,,
545,1968,FRA,France,2,4,3,9,,,
546,1968,FRA,Mexico,10,12,5,27,,,
547,1968,GBR,Mexico,5,9,5,19,,,
548,1968,GRE,Mexico,1,0,0,1,,,
549,1968,HUN,Mexico,29,32,20,81,,,
550,1968,SUI,France,7,0,2,9,,,
551,1968,SUI,Mexico,10,0,3,13,,,
552,1968,USA,France,1,1,5,7,,,
553,1968,USA,Mexico,35,99,32,166,,,
554,1968,BEL,Mexico,2,0,1,3,,,
555,1968,CAN,France,18,1,1,20,,,
556,1968,CAN,Mexico,4,3,3,10,,,
557,1968,CUB,Mexico,0,0,10,10,,,
558,1968,IND,Mexico,16,0,0,16,,,
559,1968,ITA,France,0,8,0,8,,,
560,1968,ITA,Mexico,20,5,8,33,,,
561,1968,MEX,Mexico,3,3,3,9,,,
562,1968,NED,France,3,3,3,9,,,
563,1968,NED,Mexico,1,6,7,14,,,
564,1968,NOR,France,2,11,9,22,,,
565,1968,NOR,Mexico,0,4,2,6,,,
566,1968,NZL,Mexico,2,5,0,7,,,
567,1968,SWE,France,6,3,7,16,,,
568,1968,SWE,Mexico,1,4,4,9,,,
569,1968,FIN,France,5,1,2,8,,,
570,1968,FIN,Mexico,1,1,2,4,,,
571,1968,BRA,Mexico,3,0,1,4,,,
572,1968,JPN,Mexico,22,16,25,63,,,
573,1968,TCH,France,1,1,19,21,,,
574,1968,TCH,Mexico,15,7,7,29,,,
575,1968,ARG,Mexico,2,0,0,2,,,
576,1968,POL,Mexico,30,5,2,37,,,
577,1968,ROU,France,2,0,0,2,,,
578,1968,ROU,Mexico,9,5,9,23,,,
579,1968,YUG,Mexico,2,13,14,29,,,
580,1968,TUR,Mexico,0,2,0,2,,,
581,1968,IRI,Mexico,2,2,1,5,,,
582,1968,JAM,Mexico,0,0,1,1,,,
583,1968,KOR,Mexico,1,0,1,2,,,
584,1968,BUL,Mexico,3,2,21,26,,,
585,1968,URS,France,5,26,6,37,,,
586,1968,URS,Mexico,64,65,63,192,,,
587,1968,VEN,Mexico,0,1,0,1,,,
588,1968,PAK,Mexico,0,13,0,13,,,
589,1968,ETH,Mexico,0,1,1,2,,,
590,1968,TPE,Mexico,1,0,0,1,,,
591,1968,KEN,Mexico,2,3,7,12,,,
592,1968,TUN,Mexico,1,1,0,2,,,
593,1968,CMR,Mexico,0,0,1,1,,,
594,1968,FRG,France,5,2,3,10,,,
595,1968,FRG,Mexico,18,17,16,51,,,
596,1968,GDR,France,2,2,2,6,,,
597,1968,GDR,Mexico,19,13,20,52,,,
598,1968,MGL,Mexico,3,0,1,4,,,
599,1968,UGA,Mexico,1,0,1,2,,,
600,1972,AUS,Germany,2,11,7,20,,,
601,1972,AUT,Germany,2,0,1,3,,,
602,1972,AUT,Japan,2,1,2,5,,,
603,1972,DEN,Germany,0,1,0,1,,,
604,1972,FRA,Germany,15,2,5,22,,,
605,1972,FRA,Japan,2,0,1,3,,,
606,1972,GBR,Germany,12,8,9,29,,,
607,1972,GRE,Germany,0,0,2,2,,,
608,1972,HUN,Germany,25,10,46,81,,,
609,1972,SUI,Germany,0,0,8,8,,,
610,1972,SUI,Japan,7,7,3,17,,,
611,1972,USA,Germany,43,69,59,171,,,
612,1972,USA,Japan,3,3,18,24,,,
613,1972,BEL,Germany,0,0,2,2,,,
614,1972,CAN,Germany,9,0,2,11,,,
615,1972,CAN,Japan,0,0,1,1,,,
616,1972,COL,Germany,2,0,1,3,,,
617,1972,CUB,Germany,18,3,1,22,,,
618,1972,ESP,Germany,1,0,0,1,,,
619,1972,ESP,Japan,0,1,0,1,,,
620,1972,IND,Germany,14,0,0,14,,,
621,1972,ITA,Germany,13,9,3,25,,,
622,1972,ITA,Japan,1,3,5,9,,,
623,1972,MEX,Germany,0,0,1,1,,,
624,1972,NED,Germany,2,3,1,6,,,
625,1972,NED,Japan,2,4,3,9,,,
626,1972,NOR,Germany,4,2,2,8,,,
627,1972,NOR,Japan,7,2,8,17,,,
628,1972,NZL,Germany,1,9,4,14,,,
629,1972,SWE,Germany,8,4,10,22,,,
630,1972,SWE,Japan,2,1,1,4,,,
631,1972,FIN,Germany,6,3,1,10,,,
632,1972,FIN,Japan,1,0,9,10,,,
633,1972,BRA,Germany,2,0,0,2,,,
634,1972,JPN,Germany,8,29,19,56,,,
635,1972,JPN,Japan,1,1,1,3,,,
636,1972,TCH,Germany,6,2,21,29,,,
637,1972,TCH,Japan,19,1,0,20,,,
638,1972,ARG,Germany,0,0,1,1,,,
639,1972,POL,Germany,11,27,8,46,,,
640,1972,POL,Japan,0,1,0,1,,,
641,1972,ROU,Germany,27,3,10,40,,,
642,1972,YUG,Germany,2,15,1,18,,,
643,1972,TUR,Germany,0,0,1,1,,,
644,1972,IRI,Germany,1,0,2,3,,,
645,1972,JAM,Germany,1,0,0,1,,,
646,1972,KOR,Germany,0,0,1,1,,,
647,1972,BUL,Germany,6,6,10,22,,,
648,1972,LIB,Germany,0,0,1,1,,,
649,1972,URS,Germany,60,107,47,214,,,
650,1972,URS,Japan,3,36,6,45,,,
651,1972,PAK,Germany,0,0,15,15,,,
652,1972,ETH,Germany,2,0,0,2,,,
653,1972,GHA,Germany,1,0,0,1,,,
654,1972,KEN,Germany,4,5,3,12,,,
655,1972,NGR,Germany,1,0,0,1,,,
656,1972,PRK,Germany,13,1,1,15,,,
657,1972,TUN,Germany,0,0,1,1,,,
658,1972,FRG,Germany,39,44,19,102,,,
659,1972,FRG,Japan,4,4,2,10,,,
660,1972,GDR,Germany,57,30,64,151,,,
661,1972,GDR,Japan,12,5,3,20,,,
662,1972,MGL,Germany,0,0,1,1,,,
663,1972,UGA,Germany,0,1,1,2,,,
664,1972,NIG,Germany,1,0,0,1,,,
665,1976,AUS,Canada,8,0,15,23,,,
666,1976,AUT,Austria,3,2,2,7,,,
667,1976,AUT,Canada,1,0,0,1,,,
668,1976,DEN,Canada,5,3,0,8,,,
669,1976,FRA,Austria,1,0,0,1,,,
670,1976,FRA,Canada,8,5,7,20,,,
671,1976,GBR,Austria,0,1,0,1,,,
672,1976,GBR,Canada,11,6,15,32,,,
673,1976,HUN,Canada,35,14,6,55,,,
674,1976,SUI,Austria,2,1,6,9,,,
675,1976,SUI,Canada,6,1,3,10,,,
676,1976,USA,Austria,5,3,3,11,,,
677,1976,USA,Canada,36,70,58,164,,,
678,1976,BEL,Canada,6,0,3,9,,,
679,1976,CAN,Austria,1,1,1,3,,,
680,1976,CAN,Canada,14,0,9,23,,,
681,1976,CUB,Canada,14,6,4,24,,,
682,1976,ESP,Canada,0,0,6,6,,,
683,1976,ITA,Austria,1,1,2,4,,,
684,1976,ITA,Canada,4,2,25,31,,,
685,1976,MEX,Canada,1,1,0,2,,,
686,1976,NED,Austria,3,1,2,6,,,
687,1976,NED,Canada,12,0,2,14,,,
688,1976,NOR,Austria,1,3,6,10,,,
689,1976,NOR,Canada,0,2,4,6,,,
690,1976,NZL,Canada,9,15,1,25,,,
691,1976,SWE,Austria,2,0,0,2,,,
692,1976,SWE,Canada,0,9,1,10,,,
693,1976,FIN,Austria,1,5,10,16,,,
694,1976,FIN,Canada,0,4,2,6,,,
695,1976,BRA,Canada,3,0,0,3,,,
696,1976,JPN,Canada,10,25,6,41,,,
697,1976,TCH,Austria,0,0,19,19,,,
698,1976,TCH,Canada,9,2,4,15,,,
699,1976,POL,Canada,26,18,29,73,,,
700,1976,POR,Canada,0,0,2,2,,,
701,1976,ROU,Canada,23,4,28,55,,,
702,1976,YUG,Canada,3,2,14,19,,,
703,1976,IRI,Canada,1,0,1,2,,,
704,1976,JAM,Canada,0,1,1,2,,,
705,1976,KOR,Canada,15,1,1,17,,,
706,1976,PUR,Canada,1,0,0,1,,,
707,1976,TTO,Canada,0,1,0,1,,,
708,1976,BUL,Canada,18,8,13,39,,,
709,1976,URS,Austria,11,38,7,56,,,
710,1976,URS,Canada,77,114,95,286,,,
711,1976,VEN,Canada,0,0,1,1,,,
712,1976,PAK,Canada,16,0,0,16,,,
713,1976,PRK,Canada,0,1,1,2,,,
714,1976,FRG,Austria,23,2,7,32,,,
715,1976,FRG,Canada,32,21,25,78,,,
716,1976,GDR,Austria,14,12,6,32,,,
717,1976,GDR,Canada,42,102,51,195,,,
718,1976,MGL,Canada,0,0,1,1,,,
719,1976,BER,Canada,1,0,0,1,,,
720,1976,LIE,Austria,2,0,0,2,,,
721,1976,THA,Canada,1,0,0,1,,,
722,1980,AUS,Russia,5,6,2,13,,,
723,1980,AUT,Russia,1,1,3,5,,,
724,1980,AUT,USA,3,3,2,8,,,
725,1980,DEN,Russia,2,4,2,8,,,
726,1980,FRA,Russia,6,18,5,29,,,
727,1980,FRA,USA,1,0,0,1,,,
728,1980,GBR,Russia,24,5,18,47,,,
729,1980,GBR,USA,0,1,0,1,,,
730,1980,GRE,Russia,4,1,0,5,,,
731,1980,HUN,Russia,40,8,13,61,,,
732,1980,HUN,USA,0,0,2,2,,,
733,1980,SUI,Russia,0,2,0,2,,,
734,1980,SUI,USA,3,2,4,9,,,
735,1980,USA,USA,2,24,4,30,,,
736,1980,BEL,Russia,0,1,0,1,,,
737,1980,CAN,USA,1,0,1,2,,,
738,1980,CUB,Russia,5,8,7,20,,,
739,1980,ESP,Russia,3,2,19,24,,,
740,1980,IND,Russia,0,16,0,16,,,
741,1980,ITA,Russia,8,8,21,37,,,
742,1980,ITA,USA,0,0,3,3,,,
743,1980,MEX,Russia,9,0,1,10,,,
744,1980,NED,Russia,5,0,1,6,,,
745,1980,NED,USA,1,1,2,4,,,
746,1980,NOR,USA,9,1,5,15,,,
747,1980,SWE,Russia,9,3,8,20,,,
748,1980,SWE,USA,20,3,0,23,,,
749,1980,FIN,Russia,5,3,1,9,,,
750,1980,FIN,USA,6,1,5,12,,,
751,1980,BRA,Russia,5,4,0,9,,,
752,1980,JPN,USA,0,0,1,1,,,
753,1980,TCH,Russia,16,17,18,51,,,
754,1980,TCH,USA,1,0,0,1,,,
755,1980,IRL,Russia,1,0,2,3,,,
756,1980,POL,Russia,22,3,25,50,,,
757,1980,ROU,Russia,46,7,15,68,,,
758,1980,YUG,Russia,17,13,27,57,,,
759,1980,JAM,Russia,3,0,0,3,,,
760,1980,BUL,Russia,38,8,44,90,,,
761,1980,BUL,USA,1,0,0,1,,,
762,1980,LIB,Russia,1,0,0,1,,,
763,1980,URS,Russia,126,187,129,442,,,
764,1980,URS,USA,7,18,29,54,,,
765,1980,VEN,Russia,0,0,1,1,,,
766,1980,ETH,Russia,2,2,0,4,,,
767,1980,PRK,Russia,2,0,3,5,,,
768,1980,FRG,USA,6,0,2,8,,,
769,1980,GDR,Russia,61,115,88,264,,,
770,1980,GDR,USA,12,16,11,39,,,
771,1980,MGL,Russia,2,0,2,4,,,
772,1980,UGA,Russia,0,0,1,1,,,
773,1980,LIE,USA,0,2,2,4,,,
774,1980,GUY,Russia,1,0,0,1,,,
775,1980,TAN,Russia,0,0,2,2,,,
776,1980,ZIM,Russia,0,15,0,15,,,
777,1984,AUS,USA,31,7,14,52,,,
778,1984,AUT,Bosnia and Herzegovina,1,0,0,1,,,
779,1984,AUT,USA,1,1,1,3,,,
780,1984,DEN,USA,10,0,3,13,,,
781,1984,FRA,Bosnia and Herzegovina,2,0,1,3,,,
782,1984,FRA,USA,31,20,16,67,,,
783,1984,GBR,Bosnia and Herzegovina,0,2,0,2,,,
784,1984,GBR,USA,42,9,20,71,,,
785,1984,GRE,USA,1,0,1,2,,,
786,1984,SUI,Bosnia and Herzegovina,4,2,2,8,,,
787,1984,SUI,USA,4,0,9,13,,,
788,1984,USA,Bosnia and Herzegovina,0,4,5,9,,,
789,1984,USA,USA,50,186,116,352,,,
790,1984,BEL,USA,2,1,2,5,,,
791,1984,CAN,Bosnia and Herzegovina,1,2,1,4,,,
792,1984,CAN,USA,32,19,36,87,,,
793,1984,COL,USA,0,0,1,1,,,
794,1984,ESP,USA,3,2,14,19,,,
795,1984,ITA,Bosnia and Herzegovina,0,2,0,2,,,
796,1984,ITA,USA,28,29,6,63,,,
797,1984,MEX,USA,1,2,3,6,,,
798,1984,NED,USA,14,20,7,41,,,
799,1984,NOR,Bosnia and Herzegovina,4,6,5,15,,,
800,1984,NOR,USA,3,0,1,4,,,
801,1984,NZL,USA,6,16,1,23,,,
802,1984,SWE,Bosnia and Herzegovina,21,7,2,30,,,
803,1984,SWE,USA,13,3,18,34,,,
804,1984,FIN,Bosnia and Herzegovina,12,4,3,19,,,
805,1984,FIN,USA,6,4,2,12,,,
806,1984,BRA,USA,2,1,33,36,,,
807,1984,JPN,Bosnia and Herzegovina,0,0,1,1,,,
808,1984,JPN,USA,31,10,8,49,,,
809,1984,TCH,Bosnia and Herzegovina,4,0,24,28,,,
810,1984,IRL,USA,0,0,1,1,,,
811,1984,POR,USA,2,1,0,3,,,
812,1984,ROU,USA,35,40,31,106,,,
813,1984,YUG,Bosnia and Herzegovina,0,0,1,1,,,
814,1984,YUG,USA,35,47,5,87,,,
815,1984,EGY,USA,0,0,1,1,,,
816,1984,TUR,USA,3,0,0,3,,,
817,1984,JAM,USA,2,0,5,7,,,
818,1984,KOR,USA,7,6,28,41,,,
819,1984,PER,USA,0,0,1,1,,,
820,1984,PUR,USA,1,0,1,2,,,
821,1984,URS,Bosnia and Herzegovina,12,29,15,56,,,
822,1984,VEN,USA,3,0,0,3,,,
823,1984,ISL,USA,1,0,0,1,,,
824,1984,PAK,USA,0,16,0,16,,,
825,1984,MAR,USA,0,2,0,2,,,
826,1984,TPE,USA,1,0,0,1,,,
827,1984,KEN,USA,2,1,0,3,,,
828,1984,NGR,USA,4,0,1,5,,,
829,1984,CMR,USA,1,0,0,1,,,
830,1984,FRG,Bosnia and Herzegovina,4,3,1,8,,,
831,1984,FRG,USA,53,30,75,158,,,
832,1984,GDR,Bosnia and Herzegovina,7,13,13,33,,,
833,1984,LIE,Bosnia and Herzegovina,2,0,0,2,,,
834,1984,THA,USA,0,0,1,1,,,
835,1984,ALG,USA,2,0,0,2,,,
836,1984,CHN,USA,37,24,13,74,,,
837,1984,CIV,USA,0,0,1,1,,,
838,1984,DOM,USA,1,0,0,1,,,
839,1984,SYR,USA,0,0,1,1,,,
840,1984,ZAM,USA,1,0,0,1,,,
841,1988,AUS,South Korea,11,18,6,35,,,
842,1988,AUT,Canada,4,3,5,12,,,
843,1988,AUT,South Korea,0,1,0,1,,,
844,1988,DEN,South Korea,3,3,1,7,,,
845,1988,FRA,Canada,1,1,0,2,,,
846,1988,FRA,South Korea,13,12,4,29,,,
847,1988,GBR,South Korea,15,22,17,54,,,
848,1988,GRE,South Korea,1,0,0,1,,,
849,1988,HUN,South Korea,15,20,9,44,,,
850,1988,SUI,Canada,5,8,7,20,,,
851,1988,SUI,South Korea,2,0,6,8,,,
852,1988,USA,Canada,4,2,1,7,,,
853,1988,USA,South Korea,54,87,66,207,,,
854,1988,BEL,South Korea,2,0,0,2,,,
855,1988,CAN,Canada,4,0,2,6,,,
856,1988,CAN,South Korea,14,4,5,23,,,
857,1988,COL,South Korea,1,0,0,1,,,
858,1988,ESP,South Korea,2,1,2,5,,,
859,1988,ITA,Canada,5,2,1,8,,,
860,1988,ITA,South Korea,8,11,10,29,,,
861,1988,MEX,South Korea,2,0,0,2,,,
862,1988,NED,Canada,2,3,2,7,,,
863,1988,NED,South Korea,36,3,6,45,,,
864,1988,NOR,Canada,5,0,6,11,,,
865,1988,NOR,South Korea,0,2,20,22,,,
866,1988,NZL,South Korea,16,4,4,24,,,
867,1988,SWE,Canada,23,7,0,30,,,
868,1988,SWE,South Korea,11,0,5,16,,,
869,1988,FIN,Canada,5,7,22,34,,,
870,1988,FIN,South Korea,2,1,1,4,,,
871,1988,BRA,South Korea,5,1,17,23,,,
872,1988,JPN,Canada,1,0,0,1,,,
873,1988,JPN,South Korea,13,4,3,20,,,
874,1988,TCH,Canada,5,0,1,6,,,
875,1988,TCH,South Korea,3,3,4,10,,,
876,1988,ARG,South Korea,12,0,1,13,,,
877,1988,POL,South Korea,10,2,9,21,,,
878,1988,POR,South Korea,0,1,0,1,,,
879,1988,ROU,South Korea,16,8,34,58,,,
880,1988,YUG,Canada,1,0,5,6,,,
881,1988,YUG,South Korea,21,15,27,63,,,
882,1988,CHI,South Korea,0,0,1,1,,,
883,1988,PHI,South Korea,1,0,0,1,,,
884,1988,TUR,South Korea,0,1,1,2,,,
885,1988,IRI,South Korea,0,0,1,1,,,
886,1988,JAM,South Korea,0,0,7,7,,,
887,1988,KOR,South Korea,12,28,37,77,,,
888,1988,PER,South Korea,0,0,12,12,,,
889,1988,BUL,South Korea,17,10,14,41,,,
890,1988,URS,Canada,12,40,14,66,,,
891,1988,URS,South Korea,99,134,67,300,,,
892,1988,PAK,South Korea,1,0,0,1,,,
893,1988,MAR,South Korea,2,1,0,3,,,
894,1988,KEN,South Korea,2,5,2,9,,,
895,1988,FRG,Canada,3,4,7,14,,,
896,1988,FRG,South Korea,46,32,37,115,,,
897,1988,GDR,Canada,7,10,15,32,,,
898,1988,GDR,South Korea,48,79,54,181,,,
899,1988,MGL,South Korea,1,0,0,1,,,
900,1988,LIE,Canada,1,0,0,1,,,
901,1988,THA,South Korea,1,0,0,1,,,
902,1988,CHN,South Korea,30,6,16,52,,,
903,1988,AHO,South Korea,0,0,1,1,,,
904,1988,CRC,South Korea,0,0,1,1,,,
905,1988,DJI,South Korea,1,0,0,1,,,
906,1988,INA,South Korea,0,0,3,3,,,
907,1988,ISV,South Korea,0,0,1,1,,,
908,1988,SEN,South Korea,0,0,1,1,,,
909,1988,SUR,South Korea,0,1,0,1,,,
910,1992,AUS,Spain,16,14,27,57,,,
911,1992,AUT,France,10,9,10,29,,,
912,1992,AUT,Spain,0,0,6,6,,,
913,1992,DEN,Spain,9,3,2,14,,,
914,1992,FRA,France,1,5,6,12,,,
915,1992,FRA,Spain,43,9,5,57,,,
916,1992,GBR,Spain,39,8,3,50,,,
917,1992,GER,France,7,14,17,38,,,
918,1992,GER,Spain,60,81,57,198,,,
919,1992,GRE,Spain,0,2,0,2,,,
920,1992,HUN,Spain,8,14,23,45,,,
921,1992,SUI,France,5,2,0,7,,,
922,1992,SUI,Spain,0,1,0,1,,,
923,1992,USA,France,2,5,7,14,,,
924,1992,USA,Spain,85,89,50,224,,,
925,1992,BEL,Spain,2,0,1,3,,,
926,1992,CAN,France,3,5,28,36,,,
927,1992,CAN,Spain,12,27,5,44,,,
928,1992,COL,Spain,1,0,0,1,,,
929,1992,CUB,Spain,14,42,13,69,,,
930,1992,ESP,France,1,0,0,1,,,
931,1992,ESP,Spain,2,48,19,69,,,
932,1992,ITA,France,8,4,9,21,,,
933,1992,ITA,Spain,14,21,10,45,,,
934,1992,LUX,France,0,0,2,2,,,
935,1992,MEX,Spain,0,0,1,1,,,
936,1992,NED,France,2,1,1,4,,,
937,1992,NED,Spain,8,5,20,33,,,
938,1992,NOR,France,5,9,10,24,,,
939,1992,NOR,Spain,1,2,20,23,,,
940,1992,NZL,France,0,0,1,1,,,
941,1992,NZL,Spain,5,1,9,15,,,
942,1992,SWE,France,6,1,0,7,,,
943,1992,SWE,Spain,7,1,27,35,,,
944,1992,FIN,France,6,6,1,13,,,
945,1992,FIN,Spain,2,1,4,7,,,
946,1992,RSA,Spain,0,0,3,3,,,
947,1992,BRA,Spain,0,13,1,14,,,
948,1992,EST,Spain,2,1,0,3,,,
949,1992,JPN,France,7,3,2,12,,,
950,1992,JPN,Spain,36,3,8,47,,,
951,1992,TCH,France,27,0,0,27,,,
952,1992,TCH,Spain,1,4,3,8,,,
953,1992,ARG,Spain,2,0,0,2,,,
954,1992,IRL,Spain,0,1,1,2,,,
955,1992,POL,Spain,19,5,22,46,,,
956,1992,ROU,Spain,14,8,31,53,,,
957,1992,PHI,Spain,1,0,0,1,,,
958,1992,LAT,Spain,1,0,2,3,,,
959,1992,TUR,Spain,2,2,2,6,,,
960,1992,IRI,Spain,2,0,1,3,,,
961,1992,JAM,Spain,1,0,3,4,,,
962,1992,KOR,France,1,5,1,7,,,
963,1992,KOR,Spain,16,28,5,49,,,
964,1992,PER,Spain,0,0,1,1,,,
965,1992,PUR,Spain,1,0,0,1,,,
966,1992,BUL,Spain,7,3,7,17,,,
967,1992,BAH,Spain,1,0,0,1,,,
968,1992,PAK,Spain,16,0,0,16,,,
969,1992,ETH,Spain,2,1,0,3,,,
970,1992,GHA,Spain,20,0,0,20,,,
971,1992,MAR,Spain,1,1,1,3,,,
972,1992,TPE,Spain,0,0,20,20,,,
973,1992,KEN,Spain,2,2,4,8,,,
974,1992,NGR,Spain,4,0,7,11,,,
975,1992,PRK,France,1,0,0,1,,,
976,1992,PRK,Spain,6,4,0,10,,,
977,1992,MGL,Spain,2,0,0,2,,,
978,1992,THA,Spain,1,0,0,1,,,
979,1992,ALG,Spain,1,1,0,2,,,
980,1992,CHN,France,0,0,3,3,,,
981,1992,CHN,Spain,19,18,45,82,,,
982,1992,INA,Spain,1,2,3,6,,,
983,1992,SUR,Spain,1,0,0,1,,,
984,1992,CRO,Spain,3,0,12,15,,,
985,1992,EUN,France,14,35,10,59,,,
986,1992,EUN,Spain,67,92,61,220,,,
987,1992,IOA,Spain,2,0,1,3,,,
988,1992,ISR,Spain,1,0,1,2,,,
989,1992,LTU,Spain,12,1,0,13,,,
990,1992,MAS,Spain,2,0,0,2,,,
991,1992,NAM,Spain,0,0,2,2,,,
992,1992,QAT,Spain,1,0,0,1,,,
993,1992,SLO,Spain,6,0,0,6,,,
994,1994,AUS,Norway,4,0,0,4,,,
995,1994,AUT,Norway,7,2,3,12,,,
996,1994,FRA,Norway,10,0,1,11,,,
997,1994,GBR,Norway,3,0,0,3,,,
998,1994,GER,Norway,12,18,10,40,,,
999,1994,SUI,Norway,4,4,8,16,,,
1000,1994,USA,Norway,5,6,8,19,,,
1001,1994,CAN,Norway,5,3,29,37,,,
1002,1994,ITA,Norway,12,14,6,32,,,
1003,1994,NED,Norway,3,0,1,4,,,
1004,1994,NOR,Norway,5,8,17,30,,,
1005,1994,SWE,Norway,0,23,1,24,,,
1006,1994,FIN,Norway,29,0,1,30,,,
1007,1994,RUS,Norway,4,19,13,36,,,
1008,1994,JPN,Norway,2,3,5,10,,,
1009,1994,KOR,Norway,1,7,1,9,,,
1010,1994,CHN,Norway,2,0,1,3,,,
1011,1994,SLO,Norway,3,0,0,3,,,
1012,1994,BLR,Norway,0,0,2,2,,,
1013,1994,KAZ,Norway,0,1,2,3,,,
1014,1994,UKR,Norway,1,1,0,2,,,
1015,1994,UZB,Norway,0,1,0,1,,,
1016,1996,AUS,USA,84,32,16,132,,,
1017,1996,AUT,USA,2,0,1,3,,,
1018,1996,DEN,USA,1,21,1,23,,,
1019,1996,FRA,USA,20,21,10,51,,,
1020,1996,GBR,USA,9,2,15,26,,,
1021,1996,GER,USA,47,42,35,124,,,
1022,1996,GRE,USA,0,4,4,8,,,
1023,1996,HUN,USA,26,8,9,43,,,
1024,1996,SUI,USA,0,5,6,11,,,
1025,1996,USA,USA,52,159,48,259,,,
1026,1996,BEL,USA,2,2,2,6,,,
1027,1996,CAN,USA,12,8,30,50,,,
1028,1996,CUB,USA,10,37,8,55,,,
1029,1996,ESP,USA,22,23,21,66,,,
1030,1996,IND,USA,1,0,0,1,,,
1031,1996,ITA,USA,28,19,24,71,,,
1032,1996,MEX,USA,1,0,0,1,,,
1033,1996,NED,USA,26,38,9,73,,,
1034,1996,NOR,USA,18,2,3,23,,,
1035,1996,NZL,USA,4,3,2,9,,,
1036,1996,SWE,USA,5,3,23,31,,,
1037,1996,FIN,USA,1,1,2,4,,,
1038,1996,RSA,USA,1,3,1,5,,,
1039,1996,RUS,USA,34,36,45,115,,,
1040,1996,BRA,USA,43,5,15,63,,,
1041,1996,JPN,USA,13,3,26,42,,,
1042,1996,ARG,USA,1,0,19,20,,,
1043,1996,IRL,USA,1,3,0,4,,,
1044,1996,POL,USA,7,7,8,22,,,
1045,1996,POR,USA,2,1,0,3,,,
1046,1996,ROU,USA,15,13,10,38,,,
1047,1996,PHI,USA,0,0,1,1,,,
1048,1996,LAT,USA,0,0,1,1,,,
1049,1996,TUR,USA,1,4,1,6,,,
1050,1996,IRI,USA,1,1,1,3,,,
1051,1996,JAM,USA,12,1,3,16,,,
1052,1996,KOR,USA,7,10,49,66,,,
1053,1996,PUR,USA,1,0,0,1,,,
1054,1996,TTO,USA,2,0,0,2,,,
1055,1996,BUL,USA,6,3,12,21,,,
1056,1996,BAH,USA,0,0,5,5,,,
1057,1996,ETH,USA,1,2,0,3,,,
1058,1996,MAR,USA,2,0,0,2,,,
1059,1996,TPE,USA,0,0,1,1,,,
1060,1996,KEN,USA,3,1,4,8,,,
1061,1996,NGR,USA,3,17,4,24,,,
1062,1996,PRK,USA,2,2,1,5,,,
1063,1996,TUN,USA,1,0,0,1,,,
1064,1996,MGL,USA,1,0,0,1,,,
1065,1996,UGA,USA,1,0,0,1,,,
1066,1996,THA,USA,1,1,0,2,,,
1067,1996,ALG,USA,1,2,0,3,,,
1068,1996,CHN,USA,17,19,70,106,,,
1069,1996,SYR,USA,0,1,0,1,,,
1070,1996,ZAM,USA,0,0,1,1,,,
1071,1996,CRC,USA,0,1,0,1,,,
1072,1996,INA,USA,3,2,1,6,,,
1073,1996,CRO,USA,0,16,12,28,,,
1074,1996,ISR,USA,1,0,0,1,,,
1075,1996,LTU,USA,11,0,0,11,,,
1076,1996,MAS,USA,1,0,2,3,,,
1077,1996,NAM,USA,0,0,2,2,,,
1078,1996,SLO,USA,0,0,2,2,,,
1079,1996,BLR,USA,16,1,6,23,,,
1080,1996,KAZ,USA,4,3,4,11,,,
1081,1996,UKR,USA,19,10,5,34,,,
1082,1996,UZB,USA,1,0,1,2,,,
1083,1996,ARM,USA,0,1,1,2,,,
1084,1996,AZE,USA,0,0,1,1,,,
1085,1996,BDI,USA,0,1,0,1,,,
1086,1996,CZE,USA,4,4,5,13,,,
1087,1996,ECU,USA,0,1,0,1,,,
1088,1996,GEO,USA,2,0,0,2,,,
1089,1996,HKG,USA,0,1,0,1,,,
1090,1996,MDA,USA,1,0,2,3,,,
1091,1996,MOZ,USA,1,0,0,1,,,
1092,1996,SCG,USA,13,1,12,26,,,
1093,1996,SVK,USA,1,1,1,3,,,
1094,1996,TGA,USA,0,0,1,1,,,
1095,1998,AUS,Japan,1,0,0,1,,,
1096,1998,AUT,Japan,12,3,5,20,,,
1097,1998,DEN,Japan,0,0,5,5,,,
1098,1998,FRA,Japan,12,2,1,15,,,
1099,1998,GBR,Japan,4,0,0,4,,,
1100,1998,GER,Japan,10,22,12,44,,,
1101,1998,SUI,Japan,3,6,5,14,,,
1102,1998,USA,Japan,5,25,4,34,,,
1103,1998,BEL,Japan,1,0,0,1,,,
1104,1998,CAN,Japan,7,14,28,49,,,
1105,1998,ITA,Japan,5,3,9,17,,,
1106,1998,NED,Japan,2,5,4,11,,,
1107,1998,NOR,Japan,12,13,15,40,,,
1108,1998,SWE,Japan,5,0,2,7,,,
1109,1998,FIN,Japan,49,2,7,58,,,
1110,1998,RUS,Japan,6,14,32,52,,,
1111,1998,JPN,Japan,4,8,1,13,,,
1112,1998,KOR,Japan,2,6,4,12,,,
1113,1998,BUL,Japan,0,1,0,1,,,
1114,1998,CHN,Japan,5,0,9,14,,,
1115,1998,BLR,Japan,2,0,0,2,,,
1116,1998,KAZ,Japan,2,0,0,2,,,
1117,1998,UKR,Japan,0,0,1,1,,,
1118,1998,CZE,Japan,1,21,1,23,,,
1119,2000,AUS,Australia,54,60,69,183,,,
1120,2000,AUT,Australia,0,3,1,4,,,
1121,2000,DEN,Australia,4,18,3,25,,,
1122,2000,FRA,Australia,14,22,30,66,,,
1123,2000,GBR,Australia,12,22,20,54,,,
1124,2000,GER,Australia,64,31,23,118,,,
1125,2000,GRE,Australia,8,4,6,18,,,
1126,2000,HUN,Australia,4,25,24,53,,,
1127,2000,SUI,Australia,2,1,11,14,,,
1128,2000,USA,Australia,51,130,61,242,,,
1129,2000,BEL,Australia,4,0,3,7,,,
1130,2000,CAN,Australia,23,4,4,31,,,
1131,2000,COL,Australia,0,1,0,1,,,
1132,2000,CUB,Australia,12,18,35,65,,,
1133,2000,ESP,Australia,20,3,19,42,,,
1134,2000,IND,Australia,1,0,0,1,,,
1135,2000,ITA,Australia,29,22,14,65,,,
1136,2000,MEX,Australia,3,1,2,6,,,
1137,2000,NED,Australia,23,27,29,79,,,
1138,2000,NOR,Australia,19,20,4,43,,,
1139,2000,NZL,Australia,3,1,0,4,,,
1140,2000,SWE,Australia,8,4,20,32,,,
1141,2000,FIN,Australia,1,3,1,5,,,
1142,2000,RSA,Australia,3,0,2,5,,,
1143,2000,RUS,Australia,54,66,67,187,,,
1144,2000,BRA,Australia,36,0,12,48,,,
1145,2000,EST,Australia,2,1,0,3,,,
1146,2000,JPN,Australia,8,5,31,44,,,
1147,2000,ARG,Australia,3,0,17,20,,,
1148,2000,IRL,Australia,0,0,1,1,,,
1149,2000,POL,Australia,7,7,10,24,,,
1150,2000,POR,Australia,2,0,0,2,,,
1151,2000,ROU,Australia,13,27,6,46,,,
1152,2000,URU,Australia,0,0,1,1,,,
1153,2000,CHI,Australia,17,0,0,17,,,
1154,2000,LAT,Australia,1,1,1,3,,,
1155,2000,TUR,Australia,2,3,0,5,,,
1156,2000,IRI,Australia,1,3,0,4,,,
1157,2000,JAM,Australia,3,0,20,23,,,
1158,2000,KOR,Australia,35,12,26,73,,,
1159,2000,SRI,Australia,0,0,1,1,,,
1160,2000,TTO,Australia,1,0,1,2,,,
1161,2000,BUL,Australia,2,5,6,13,,,
1162,2000,BAH,Australia,5,6,0,11,,,
1163,2000,ISL,Australia,1,0,0,1,,,
1164,2000,ETH,Australia,3,4,1,8,,,
1165,2000,MAR,Australia,4,0,1,5,,,
1166,2000,TPE,Australia,4,0,1,5,,,
1167,2000,KEN,Australia,2,2,3,7,,,
1168,2000,NGR,Australia,0,6,2,8,,,
1169,2000,PRK,Australia,3,0,1,4,,,
1170,2000,CMR,Australia,0,18,0,18,,,
1171,2000,THA,Australia,2,1,0,3,,,
1172,2000,ALG,Australia,3,1,1,5,,,
1173,2000,CHN,Australia,17,39,23,79,,,
1174,2000,CRC,Australia,2,0,0,2,,,
1175,2000,INA,Australia,2,2,4,8,,,
1176,2000,CRO,Australia,9,1,0,10,,,
1177,2000,ISR,Australia,1,0,0,1,,,
1178,2000,LTU,Australia,15,2,0,17,,,
1179,2000,QAT,Australia,1,0,0,1,,,
1180,2000,SLO,Australia,0,3,0,3,,,
1181,2000,BLR,Australia,11,3,8,22,,,
1182,2000,KAZ,Australia,0,3,4,7,,,
1183,2000,UKR,Australia,12,3,20,35,,,
1184,2000,UZB,Australia,2,1,1,4,,,
1185,2000,ARM,Australia,1,0,0,1,,,
1186,2000,AZE,Australia,1,2,0,3,,,
1187,2000,CZE,Australia,4,2,3,9,,,
1188,2000,GEO,Australia,6,0,0,6,,,
1189,2000,MDA,Australia,1,0,1,2,,,
1190,2000,MOZ,Australia,0,1,0,1,,,
1191,2000,SCG,Australia,13,11,1,25,,,
1192,2000,SVK,Australia,1,2,3,6,,,
1193,2000,BAR,Australia,1,0,0,1,,,
1194,2000,KGZ,Australia,1,0,0,1,,,
1195,2000,KSA,Australia,1,0,1,2,,,
1196,2000,KUW,Australia,1,0,0,1,,,
1197,2000,MKD,Australia,1,0,0,1,,,
1198,2000,VIE,Australia,0,0,1,1,,,
1199,2002,AUS,USA,0,2,0,2,,,
1200,2002,AUT,USA,13,3,4,20,,,
1201,2002,FRA,USA,5,5,5,15,,,
1202,2002,GBR,USA,1,5,0,6,,,
1203,2002,GER,USA,12,26,23,61,,,
1204,2002,SUI,USA,14,3,7,24,,,
1205,2002,USA,USA,15,11,58,84,,,
1206,2002,CAN,USA,15,52,7,74,,,
1207,2002,ITA,USA,6,4,11,21,,,
1208,2002,NED,USA,0,3,5,8,,,
1209,2002,NOR,USA,7,23,11,41,,,
1210,2002,SWE,USA,24,0,2,26,,,
1211,2002,FIN,USA,1,7,5,13,,,
1212,2002,RUS,USA,27,6,5,38,,,
1213,2002,EST,USA,1,1,1,3,,,
1214,2002,JPN,USA,1,0,1,2,,,
1215,2002,POL,USA,1,0,1,2,,,
1216,2002,KOR,USA,0,5,2,7,,,
1217,2002,BUL,USA,2,0,1,3,,,
1218,2002,CHN,USA,9,2,5,16,,,
1219,2002,CRO,USA,0,3,1,4,,,
1220,2002,SLO,USA,4,0,0,4,,,
1221,2002,BLR,USA,1,0,0,1,,,
1222,2002,CZE,USA,0,1,2,3,,,
1223,2004,AUS,Greece,31,49,77,157,,,
1224,2004,AUT,Greece,1,3,4,8,,,
1225,2004,DEN,Greece,9,19,1,29,,,
1226,2004,FRA,Greece,22,21,10,53,,,
1227,2004,GBR,Greece,15,17,25,57,,,
1228,2004,GER,Greece,63,41,45,149,,,
1229,2004,GRE,Greece,5,8,18,31,,,
1230,2004,HUN,Greece,4,24,12,40,,,
1231,2004,SUI,Greece,4,1,2,7,,,
1232,2004,USA,Greece,71,117,75,263,,,
1233,2004,BEL,Greece,2,1,0,3,,,
1234,2004,CAN,Greece,4,3,10,17,,,
1235,2004,COL,Greece,2,0,0,2,,,
1236,2004,CUB,Greece,22,32,8,62,,,
1237,2004,ESP,Greece,9,4,17,30,,,
1238,2004,IND,Greece,0,0,1,1,,,
1239,2004,ITA,Greece,39,24,41,104,,,
1240,2004,MEX,Greece,1,0,3,4,,,
1241,2004,NED,Greece,22,4,51,77,,,
1242,2004,NOR,Greece,2,5,0,7,,,
1243,2004,NZL,Greece,0,4,2,6,,,
1244,2004,SWE,Greece,2,5,5,12,,,
1245,2004,FIN,Greece,0,0,2,2,,,
1246,2004,RSA,Greece,3,4,3,10,,,
1247,2004,RUS,Greece,95,48,46,189,,,
1248,2004,BRA,Greece,3,18,19,40,,,
1249,2004,EST,Greece,2,0,1,3,,,
1250,2004,JPN,Greece,52,21,20,93,,,
1251,2004,ARG,Greece,21,28,0,49,,,
1252,2004,POL,Greece,6,4,2,12,,,
1253,2004,POR,Greece,1,0,2,3,,,
1254,2004,ROU,Greece,11,23,5,39,,,
1255,2004,CHI,Greece,1,3,0,4,,,
1256,2004,EGY,Greece,3,1,1,5,,,
1257,2004,LAT,Greece,0,0,4,4,,,
1258,2004,TUR,Greece,5,3,3,11,,,
1259,2004,IRI,Greece,2,2,2,6,,,
1260,2004,JAM,Greece,6,6,1,13,,,
1261,2004,KOR,Greece,10,14,28,52,,,
1262,2004,TTO,Greece,1,0,0,1,,,
1263,2004,BUL,Greece,14,2,1,17,,,
1264,2004,VEN,Greece,2,0,0,2,,,
1265,2004,BAH,Greece,1,1,0,2,,,
1266,2004,ETH,Greece,2,2,3,7,,,
1267,2004,MAR,Greece,0,2,1,3,,,
1268,2004,TPE,Greece,3,2,4,9,,,
1269,2004,KEN,Greece,2,1,4,7,,,
1270,2004,NGR,Greece,8,0,0,8,,,
1271,2004,PRK,Greece,1,0,4,5,,,
1272,2004,CMR,Greece,0,1,0,1,,,
1273,2004,MGL,Greece,1,0,0,1,,,
1274,2004,THA,Greece,4,3,1,8,,,
1275,2004,ZIM,Greece,1,1,1,3,,,
1276,2004,CHN,Greece,15,52,27,94,,,
1277,2004,DOM,Greece,0,1,0,1,,,
1278,2004,SYR,Greece,1,0,0,1,,,
1279,2004,INA,Greece,3,1,1,5,,,
1280,2004,CRO,Greece,3,15,3,21,,,
1281,2004,ISR,Greece,1,1,0,2,,,
1282,2004,LTU,Greece,0,1,2,3,,,
1283,2004,SLO,Greece,3,0,2,5,,,
1284,2004,BLR,Greece,8,2,5,15,,,
1285,2004,KAZ,Greece,3,1,4,8,,,
1286,2004,UKR,Greece,31,8,8,47,,,
1287,2004,UZB,Greece,2,2,1,5,,,
1288,2004,AZE,Greece,4,1,0,5,,,
1289,2004,CZE,Greece,6,1,6,13,,,
1290,2004,GEO,Greece,0,2,2,4,,,
1291,2004,HKG,Greece,0,0,2,2,,,
1292,2004,SCG,Greece,0,0,13,13,,,
1293,2004,SVK,Greece,5,3,2,10,,,
1294,2004,ERI,Greece,1,0,0,1,,,
1295,2004,PAR,Greece,0,0,17,17,,,
1296,2004,UAE,Greece,0,1,0,1,,,
1297,2006,AUS,Italy,1,1,0,2,,,
1298,2006,AUT,Italy,7,16,7,30,,,
1299,2006,FRA,Italy,10,3,2,15,,,
1300,2006,GBR,Italy,0,0,1,1,,,
1301,2006,GER,Italy,6,23,25,54,,,
1302,2006,SUI,Italy,9,5,7,21,,,
1303,2006,USA,Italy,32,9,11,52,,,
1304,2006,CAN,Italy,11,30,28,69,,,
1305,2006,ITA,Italy,14,11,0,25,,,
1306,2006,NED,Italy,8,3,2,13,,,
1307,2006,NOR,Italy,12,2,9,23,,,
1308,2006,SWE,Italy,8,35,21,64,,,
1309,2006,FIN,Italy,7,0,34,41,,,
1310,2006,RUS,Italy,13,16,12,41,,,
1311,2006,EST,Italy,0,3,0,3,,,
1312,2006,JPN,Italy,0,1,0,1,,,
1313,2006,POL,Italy,1,0,1,2,,,
1314,2006,LAT,Italy,1,0,0,1,,,
1315,2006,KOR,Italy,2,14,3,19,,,
1316,2006,BUL,Italy,0,0,1,1,,,
1317,2006,CHN,Italy,6,2,5,13,,,
1318,2006,CRO,Italy,0,1,2,3,,,
1319,2006,BLR,Italy,0,0,1,1,,,
1320,2006,UKR,Italy,3,0,0,3,,,
1321,2006,CZE,Italy,24,1,2,27,,,
1322,2006,SVK,Italy,0,0,1,1,,,
1323,2008,AUS,China,76,31,42,149,,,
1324,2008,AUT,China,2,0,1,3,,,
1325,2008,DEN,China,6,6,7,19,,,
1326,2008,FRA,China,28,25,24,77,,,
1327,2008,GBR,China,25,31,25,81,,,
1328,2008,GER,China,41,42,16,99,,,
1329,2008,GRE,China,4,0,3,7,,,
1330,2008,HUN,China,3,16,8,27,,,
1331,2008,SUI,China,7,3,1,11,,,
1332,2008,USA,China,80,127,110,317,,,
1333,2008,BEL,China,0,1,4,5,,,
1334,2008,CAN,China,11,11,13,35,,,
1335,2008,COL,China,1,0,1,2,,,
1336,2008,CUB,China,11,2,34,47,,,
1337,2008,ESP,China,16,7,47,70,,,
1338,2008,IND,China,2,1,0,3,,,
1339,2008,ITA,China,20,8,14,42,,,
1340,2008,MEX,China,2,2,0,4,,,
1341,2008,NED,China,4,39,18,61,,,
1342,2008,NOR,China,1,16,5,22,,,
1343,2008,NZL,China,9,4,2,15,,,
1344,2008,SWE,China,2,0,5,7,,,
1345,2008,FIN,China,2,1,2,5,,,
1346,2008,RSA,China,0,0,1,1,,,
1347,2008,RUS,China,53,43,46,142,,,
1348,2008,BRA,China,30,14,34,78,,,
1349,2008,EST,China,0,1,2,3,,,
1350,2008,JPN,China,13,23,15,51,,,
1351,2008,ARG,China,31,20,0,51,,,
1352,2008,IRL,China,2,0,1,3,,,
1353,2008,POL,China,1,6,13,20,,,
1354,2008,POR,China,0,1,1,2,,,
1355,2008,ROU,China,16,5,1,22,,,
1356,2008,CHI,China,0,0,1,1,,,
1357,2008,EGY,China,1,0,0,1,,,
1358,2008,LAT,China,1,1,1,3,,,
1359,2008,TUR,China,3,1,3,7,,,
1360,2008,IRI,China,1,1,0,2,,,
1361,2008,JAM,China,6,5,3,14,,,
1362,2008,KOR,China,26,41,11,78,,,
1363,2008,PAN,China,0,1,0,1,,,
1364,2008,TTO,China,0,5,1,6,,,
1365,2008,BUL,China,3,1,1,5,,,
1366,2008,VEN,China,1,0,0,1,,,
1367,2008,BAH,China,1,0,6,7,,,
1368,2008,ISL,China,0,0,14,14,,,
1369,2008,ETH,China,2,4,1,7,,,
1370,2008,MAR,China,1,0,1,2,,,
1371,2008,SGP,China,0,0,3,3,,,
1372,2008,TPE,China,4,0,0,4,,,
1373,2008,KEN,China,5,6,4,15,,,
1374,2008,NGR,China,7,0,16,23,,,
1375,2008,PRK,China,3,2,1,6,,,
1376,2008,TUN,China,0,1,0,1,,,
1377,2008,CMR,China,0,1,0,1,,,
1378,2008,MGL,China,0,2,2,4,,,
1379,2008,THA,China,0,2,2,4,,,
1380,2008,ZIM,China,0,1,3,4,,,
1381,2008,ALG,China,1,0,1,2,,,
1382,2008,CHN,China,57,74,53,184,,,
1383,2008,DOM,China,0,1,1,2,,,
1384,2008,INA,China,3,2,2,7,,,
1385,2008,CRO,China,3,0,2,5,,,
1386,2008,ISR,China,1,0,0,1,,,
1387,2008,LTU,China,3,0,2,5,,,
1388,2008,MAS,China,0,0,1,1,,,
1389,2008,SLO,China,2,1,2,5,,,
1390,2008,BLR,China,16,8,5,29,,,
1391,2008,KAZ,China,7,2,4,13,,,
1392,2008,UKR,China,16,10,5,31,,,
1393,2008,UZB,China,3,1,2,6,,,
1394,2008,ARM,China,6,0,0,6,,,
1395,2008,AZE,China,4,1,2,7,,,
1396,2008,CZE,China,0,3,4,7,,,
1397,2008,ECU,China,0,0,1,1,,,
1398,2008,GEO,China,3,3,0,6,,,
1399,2008,MDA,China,1,0,0,1,,,
1400,2008,SVK,China,1,4,5,10,,,
1401,2008,KGZ,China,1,0,1,2,,,
1402,2008,VIE,China,0,0,1,1,,,
1403,2008,AFG,China,1,0,0,1,,,
1404,2008,MRI,China,1,0,0,1,,,
1405,2008,SRB,China,14,0,1,15,,,
1406,2008,SUD,China,0,0,1,1,,,
1407,2008,TJK,China,1,0,1,2,,,
1408,2008,TOG,China,1,0,0,1,,,
1409,2010,AUS,Canada,0,2,1,3,,,
1410,2010,AUT,Canada,6,11,9,26,,,
1411,2010,FRA,Canada,6,2,6,14,,,
1412,2010,GBR,Canada,0,1,0,1,,,
1413,2010,GER,Canada,15,15,24,54,,,
1414,2010,SUI,Canada,6,6,0,12,,,
1415,2010,USA,Canada,22,12,63,97,,,
1416,2010,CAN,Canada,8,67,15,90,,,
1417,2010,ITA,Canada,3,1,1,5,,,
1418,2010,NED,Canada,6,4,1,11,,,
1419,2010,NOR,Canada,9,16,14,39,,,
1420,2010,SWE,Canada,4,11,3,18,,,
1421,2010,FIN,Canada,46,0,1,47,,,
1422,2010,RUS,Canada,14,6,5,25,,,
1423,2010,EST,Canada,0,0,1,1,,,
1424,2010,JPN,Canada,2,0,5,7,,,
1425,2010,POL,Canada,4,1,3,8,,,
1426,2010,LAT,Canada,0,0,3,3,,,
1427,2010,KOR,Canada,2,6,10,18,,,
1428,2010,CHN,Canada,7,9,3,19,,,
1429,2010,CRO,Canada,1,0,2,3,,,
1430,2010,SLO,Canada,1,0,2,3,,,
1431,2010,BLR,Canada,1,1,1,3,,,
1432,2010,KAZ,Canada,0,0,1,1,,,
1433,2010,CZE,Canada,7,2,0,9,,,
1434,2010,SVK,Canada,1,1,1,3,,,
1435,2012,AUS,UK,59,18,37,114,,,
1436,2012,DEN,UK,8,3,5,16,,,
1437,2012,FRA,UK,22,30,30,82,,,
1438,2012,GBR,UK,48,48,30,126,,,
1439,2012,GER,UK,22,45,27,94,,,
1440,2012,GRE,UK,3,0,0,3,,,
1441,2012,HUN,UK,6,12,8,26,,,
1442,2012,SUI,UK,0,2,2,4,,,
1443,2012,USA,UK,46,145,57,248,,,
1444,2012,BEL,UK,2,0,1,3,,,
1445,2012,CAN,UK,33,1,21,55,,,
1446,2012,COL,UK,4,1,3,8,,,
1447,2012,CUB,UK,6,5,3,14,,,
1448,2012,ESP,UK,25,5,33,63,,,
1449,2012,IND,UK,4,0,2,6,,,
1450,2012,ITA,UK,30,16,22,68,,,
1451,2012,MEX,UK,3,16,5,24,,,
1452,2012,NED,UK,19,21,29,69,,,
1453,2012,NOR,UK,1,15,1,17,,,
1454,2012,NZL,UK,15,9,3,27,,,
1455,2012,SWE,UK,3,2,17,22,,,
1456,2012,FIN,UK,4,0,1,5,,,
1457,2012,RSA,UK,1,6,2,9,,,
1458,2012,RUS,UK,51,50,39,140,,,
1459,2012,BRA,UK,11,14,34,59,,,
1460,2012,EST,UK,1,0,1,2,,,
1461,2012,JPN,UK,33,7,44,84,,,
1462,2012,ARG,UK,3,1,15,19,,,
1463,2012,IRL,UK,3,1,1,5,,,
1464,2012,POL,UK,8,2,2,12,,,
1465,2012,POR,UK,0,0,2,2,,,
1466,2012,ROU,UK,6,2,8,16,,,
1467,2012,EGY,UK,0,0,2,2,,,
1468,2012,LAT,UK,2,1,0,3,,,
1469,2012,TUR,UK,1,2,2,5,,,
1470,2012,IRI,UK,3,4,5,12,,,
1471,2012,JAM,UK,8,8,9,25,,,
1472,2012,KOR,UK,30,18,13,61,,,
1473,2012,PUR,UK,1,0,1,2,,,
1474,2012,TTO,UK,5,1,4,10,,,
1475,2012,BUL,UK,1,0,1,2,,,
1476,2012,VEN,UK,0,1,0,1,,,
1477,2012,BAH,UK,0,4,0,4,,,
1478,2012,ETH,UK,3,3,1,7,,,
1479,2012,MAR,UK,1,0,0,1,,,
1480,2012,SGP,UK,4,0,0,4,,,
1481,2012,TPE,UK,1,0,1,2,,,
1482,2012,KEN,UK,5,2,4,11,,,
1483,2012,PRK,UK,2,4,0,6,,,
1484,2012,TUN,UK,1,1,1,3,,,
1485,2012,MGL,UK,3,0,2,5,,,
1486,2012,UGA,UK,0,1,0,1,,,
1487,2012,THA,UK,1,0,2,3,,,
1488,2012,ALG,UK,0,1,0,1,,,
1489,2012,CHN,UK,29,56,40,125,,,
1490,2012,DOM,UK,0,1,1,2,,,
1491,2012,INA,UK,1,0,1,2,,,
1492,2012,CRO,UK,16,15,4,35,,,
1493,2012,LTU,UK,2,2,1,5,,,
1494,2012,MAS,UK,1,0,1,2,,,
1495,2012,QAT,UK,2,0,0,2,,,
1496,2012,SLO,UK,3,1,1,5,,,
1497,2012,BLR,UK,8,3,12,23,,,
1498,2012,KAZ,UK,5,7,1,13,,,
1499,2012,UKR,UK,12,9,5,26,,,
1500,2012,UZB,UK,2,1,0,3,,,
1501,2012,ARM,UK,2,0,1,3,,,
1502,2012,AZE,UK,6,2,2,10,,,
1503,2012,CZE,UK,6,4,4,14,,,
1504,2012,GEO,UK,3,1,3,7,,,
1505,2012,HKG,UK,1,0,0,1,,,
1506,2012,MDA,UK,2,0,0,2,,,
1507,2012,SVK,UK,4,0,1,5,,,
1508,2012,KSA,UK,4,0,0,4,,,
1509,2012,KUW,UK,1,0,0,1,,,
1510,2012,AFG,UK,1,0,0,1,,,
1511,2012,SRB,UK,14,1,1,16,,,
1512,2012,TJK,UK,1,0,0,1,,,
1513,2012,BOT,UK,0,0,1,1,,,
1514,2012,BRN,UK,1,0,0,1,,,
1515,2012,CYP,UK,0,0,1,1,,,
1516,2012,GAB,UK,0,0,1,1,,,
1517,2012,GRN,UK,0,1,0,1,,,
1518,2012,GUA,UK,0,0,1,1,,,
1519,2012,MNE,UK,0,0,14,14,,,
1520,2014,AUS,Russia,1,0,2,3,,,
1521,2014,AUT,Russia,11,4,12,27,,,
1522,2014,FRA,Russia,10,4,4,18,,,
1523,2014,GBR,Russia,5,1,4,10,,,
1524,2014,GER,Russia,9,15,12,36,,,
1525,2014,SUI,Russia,20,6,4,30,,,
1526,2014,USA,Russia,24,10,30,64,,,
1527,2014,CAN,Russia,5,59,22,86,,,
1528,2014,ITA,Russia,12,0,2,14,,,
1529,2014,NED,Russia,9,13,7,29,,,
1530,2014,NOR,Russia,13,18,5,36,,,
1531,2014,SWE,Russia,11,8,32,51,,,
1532,2014,FIN,Russia,24,2,7,33,,,
1533,2014,RUS,Russia,13,33,22,68,,,
1534,2014,JPN,Russia,6,1,4,11,,,
1535,2014,POL,Russia,3,4,4,11,,,
1536,2014,LAT,Russia,6,0,5,11,,,
1537,2014,KOR,Russia,2,7,5,14,,,
1538,2014,CHN,Russia,5,3,4,12,,,
1539,2014,CRO,Russia,0,0,1,1,,,
1540,2014,SLO,Russia,4,2,2,8,,,
1541,2014,BLR,Russia,1,5,0,6,,,
1542,2014,KAZ,Russia,1,0,0,1,,,
1543,2014,UKR,Russia,1,4,0,5,,,
1544,2014,CZE,Russia,2,2,7,11,,,
1545,2014,SVK,Russia,0,1,0,1,,,
1546,2016,AUS,Brazil,25,23,34,82,,,
1547,2016,AUT,Brazil,2,0,0,2,,,
1548,2016,DEN,Brazil,16,15,10,41,,,
1549,2016,FRA,Brazil,21,20,55,96,,,
1550,2016,GBR,Brazil,26,64,55,145,,,
1551,2016,GER,Brazil,67,49,43,159,,,
1552,2016,GRE,Brazil,3,3,1,7,,,
1553,2016,HUN,Brazil,7,12,3,22,,,
1554,2016,SUI,Brazil,2,6,3,11,,,
1555,2016,USA,Brazil,71,139,54,264,,,
1556,2016,BEL,Brazil,2,2,17,21,,,
1557,2016,CAN,Brazil,61,4,4,69,,,
1558,2016,COL,Brazil,3,3,2,8,,,
1559,2016,CUB,Brazil,4,5,2,11,,,
1560,2016,ESP,Brazil,17,9,19,45,,,
1561,2016,IND,Brazil,1,0,1,2,,,
1562,2016,ITA,Brazil,24,8,40,72,,,
1563,2016,MEX,Brazil,2,0,3,5,,,
1564,2016,NED,Brazil,13,9,25,47,,,
1565,2016,NOR,Brazil,19,0,0,19,,,
1566,2016,NZL,Brazil,5,6,25,36,,,
1567,2016,SWE,Brazil,3,2,23,28,,,
1568,2016,FIN,Brazil,1,0,0,1,,,
1569,2016,RSA,Brazil,14,2,7,23,,,
1570,2016,RUS,Brazil,35,52,28,115,,,
1571,2016,BRA,Brazil,6,36,8,50,,,
1572,2016,EST,Brazil,4,0,0,4,,,
1573,2016,JPN,Brazil,34,17,13,64,,,
1574,2016,ARG,Brazil,0,21,1,22,,,
1575,2016,IRL,Brazil,0,0,3,3,,,
1576,2016,POL,Brazil,10,3,3,16,,,
1577,2016,POR,Brazil,1,0,0,1,,,
1578,2016,ROU,Brazil,10,4,2,16,,,
1579,2016,EGY,Brazil,3,0,0,3,,,
1580,2016,PHI,Brazil,0,0,1,1,,,
1581,2016,TUR,Brazil,4,1,3,8,,,
1582,2016,IRI,Brazil,4,3,1,8,,,
1583,2016,JAM,Brazil,2,11,17,30,,,
1584,2016,KOR,Brazil,10,13,3,26,,,
1585,2016,PUR,Brazil,0,1,0,1,,,
1586,2016,TTO,Brazil,1,0,0,1,,,
1587,2016,BUL,Brazil,6,0,1,7,,,
1588,2016,VEN,Brazil,2,0,1,3,,,
1589,2016,BAH,Brazil,5,1,0,6,,,
1590,2016,ETH,Brazil,5,1,2,8,,,
1591,2016,MAR,Brazil,1,0,0,1,,,
1592,2016,SGP,Brazil,0,1,0,1,,,
1593,2016,TPE,Brazil,4,1,0,5,,,
1594,2016,KEN,Brazil,1,6,6,13,,,
1595,2016,NGR,Brazil,18,0,0,18,,,
1596,2016,PRK,Brazil,2,2,3,7,,,
1597,2016,TUN,Brazil,3,0,0,3,,,
1598,2016,MGL,Brazil,1,0,1,2,,,
1599,2016,NIG,Brazil,0,0,1,1,,,
1600,2016,THA,Brazil,2,2,2,6,,,
1601,2016,ALG,Brazil,0,0,2,2,,,
1602,2016,CHN,Brazil,37,46,30,113,,,
1603,2016,CIV,Brazil,1,1,0,2,,,
1604,2016,DOM,Brazil,1,0,0,1,,,
1605,2016,INA,Brazil,0,2,2,4,,,
1606,2016,CRO,Brazil,2,7,15,24,,,
1607,2016,IOA,Brazil,1,1,0,2,,,
1608,2016,ISR,Brazil,2,0,0,2,,,
1609,2016,LTU,Brazil,5,0,2,7,,,
1610,2016,MAS,Brazil,1,0,7,8,,,
1611,2016,QAT,Brazil,0,0,1,1,,,
1612,2016,SLO,Brazil,1,1,2,4,,,
1613,2016,BLR,Brazil,7,1,4,12,,,
1614,2016,KAZ,Brazil,10,3,5,18,,,
1615,2016,UKR,Brazil,5,2,8,15,,,
1616,2016,UZB,Brazil,7,4,2,13,,,
1617,2016,ARM,Brazil,0,1,3,4,,,
1618,2016,AZE,Brazil,10,1,7,18,,,
1619,2016,BDI,Brazil,0,0,1,1,,,
1620,2016,CZE,Brazil,12,1,2,15,,,
1621,2016,GEO,Brazil,4,2,1,7,,,
1622,2016,SVK,Brazil,0,3,5,8,,,
1623,2016,VIE,Brazil,0,1,1,2,,,
1624,2016,UAE,Brazil,1,0,0,1,,,
1625,2016,SRB,Brazil,13,14,27,54,,,
1626,2016,TJK,Brazil,0,1,0,1,,,
1627,2016,BRN,Brazil,0,1,1,2,,,
1628,2016,GRN,Brazil,0,0,1,1,,,
1629,2016,FIJ,Brazil,0,13,0,13,,,
1630,2016,JOR,Brazil,0,1,0,1,,,
1631,2016,KOS,Brazil,0,1,0,1,,,
1632,2021,JPN,Japan,17,27,14,58,Japan,Summer,1.0
1633,2021,ANZ,Japan,22,17,7,46,Australia,Summer,0.0
1634,2021,NED,Japan,14,10,12,36,Netherlands,Summer,0.0
1635,2021,FRA,Japan,11,10,12,33,France,Summer,0.0
1636,2021,FRG,Japan,16,10,11,37,Germany,Summer,0.0
1637,2021,ITA,Japan,20,10,10,40,Italy,Summer,0.0
1638,2021,CAN,Japan,11,7,6,24,Canada,Summer,0.0
1639,2021,BRA,Japan,8,7,6,21,Brazil,Summer,0.0
1640,2021,NZL,Japan,7,7,6,20,New Zealand,Summer,0.0
1641,2021,CUB,Japan,5,7,3,15,Cuba,Summer,0.0
1642,2021,HUN,Japan,7,6,7,20,Hungary,Summer,0.0
1643,2021,POL,Japan,5,4,5,14,Poland,Summer,0.0
1644,2021,BOH,Japan,3,4,4,11,Czech Republic,Summer,0.0
1645,2021,KEN,Japan,2,4,4,10,Kenya,Summer,0.0
1646,2021,NOR,Japan,2,4,2,8,Norway,Summer,0.0
1647,2021,JAM,Japan,4,4,1,9,Jamaica,Summer,0.0
1648,2021,ESP,Japan,6,3,8,17,Spain,Summer,0.0
1649,2021,SWE,Japan,0,3,6,9,Sweden,Summer,0.0
1650,2021,SUI,Japan,6,3,4,13,Switzerland,Summer,0.0
1651,2021,DEN,Japan,4,3,4,11,Denmark,Summer,0.0
1652,2021,CRO,Japan,2,3,3,8,Croatia,Summer,0.0
1653,2021,SCG,Japan,5,3,1,9,Serbia,Summer,0.0
1654,2021,BEL,Japan,3,3,1,7,Belgium,Summer,0.0
1655,2021,BUL,Japan,2,3,1,6,Bulgaria,Summer,0.0
1656,2021,SLO,Japan,1,3,1,5,Slovenia,Summer,0.0
1657,2021,UZB,Japan,2,3,0,5,Uzbekistan,Summer,0.0
1658,2021,GEO,Japan,1,2,5,8,Georgia,Summer,0.0
1659,2021,TUR,Japan,9,2,2,13,Turkey,Summer,0.0
1660,2021,CRT,Japan,1,2,1,4,Greece,Summer,0.0
1661,2021,UGA,Japan,1,2,1,4,Uganda,Summer,0.0
1662,2021,ECU,Japan,0,2,1,3,Ecuador,Summer,0.0
1663,2021,IRL,Japan,2,2,0,4,Ireland,Summer,0.0
1664,2021,ISR,Japan,2,2,0,4,Israel,Summer,0.0
1665,2021,QAT,Japan,1,2,0,3,Qatar,Summer,0.0
1666,2021,BAH,Japan,0,2,0,2,Bahamas,Summer,0.0
1667,2021,KOS,Japan,0,2,0,2,Kosovo,Summer,0.0
1668,2021,UKR,Japan,12,1,6,19,Ukraine,Summer,0.0
1669,2021,BLR,Japan,3,1,3,7,Belarus,Summer,0.0
1670,2021,ROU,Japan,0,1,3,4,Romania,Summer,0.0
1671,2021,VEN,Japan,0,1,3,4,Venezuela,Summer,0.0
1672,2021,IND,Japan,4,1,2,7,India,Summer,0.0
1673,2021,PHI,Japan,1,1,2,4,Philippines,Summer,0.0
1674,2021,SVK,Japan,1,1,2,4,Slovakia,Summer,0.0
1675,2021,RSA,Japan,0,1,2,3,South Africa,Summer,0.0
1676,2021,AUT,Japan,5,1,1,7,Austria,Summer,0.0
1677,2021,EGY,Japan,4,1,1,6,Egypt,Summer,0.0
1678,2021,INA,Japan,3,1,1,5,Indonesia,Summer,0.0
1679,2021,ETH,Japan,2,1,1,4,Ethiopia,Summer,0.0
1680,2021,POR,Japan,2,1,1,4,Portugal,Summer,0.0
1681,2021,TUN,Japan,0,1,1,2,Tunisia,Summer,0.0
1682,2021,EST,Japan,1,1,0,2,Estonia,Summer,0.0
1683,2021,FIJ,Japan,1,1,0,2,Fiji,Summer,0.0
1684,2021,LAT,Japan,1,1,0,2,Latvia,Summer,0.0
1685,2021,THA,Japan,1,1,0,2,Thailand,Summer,0.0
1686,2021,BER,Japan,0,1,0,1,Bermuda,Summer,0.0
1687,2021,MAR,Japan,0,1,0,1,Morocco,Summer,0.0
1688,2021,PUR,Japan,0,1,0,1,Puerto Rico,Summer,0.0
1689,2021,COL,Japan,1,0,4,5,Colombia,Summer,0.0
1690,2021,AZE,Japan,4,0,3,7,Azerbaijan,Summer,0.0
1691,2021,DOM,Japan,2,0,3,5,Dominican Republic,Summer,0.0
1692,2021,ARM,Japan,2,0,2,4,Armenia,Summer,0.0
1693,2021,KGZ,Japan,1,0,2,3,Kyrgyzstan,Summer,0.0
1694,2021,MGL,Japan,3,0,1,4,Mongolia,Summer,0.0
1695,2021,ARG,Japan,2,0,1,3,Argentina,Summer,0.0
1696,2021,SMR,Japan,2,0,1,3,San Marino,Summer,0.0
1697,2021,JOR,Japan,1,0,1,2,Jordan,Summer,0.0
1698,2021,MAL,Japan,1,0,1,2,Malaysia,Summer,0.0
1699,2021,NGR,Japan,1,0,1,2,Nigeria,Summer,0.0
1700,2021,BRN,Japan,0,0,1,1,Bahrain,Summer,0.0
1701,2021,KSA,Japan,0,0,1,1,Saudi Arabia,Summer,0.0
1702,2021,LTU,Japan,0,0,1,1,Lithuania,Summer,0.0
1703,2021,NAM,Japan,0,0,1,1,Namibia,Summer,0.0
1704,2021,TKM,Japan,0,0,1,1,Turkmenistan,Summer,0.0
1705,2021,KAZ,Japan,8,0,0,8,Kazakhstan,Summer,0.0
1706,2021,MEX,Japan,4,0,0,4,Mexico,Summer,0.0
1707,2021,FIN,Japan,2,0,0,2,Finland,Summer,0.0
1708,2021,BOT,Japan,1,0,0,1,Botswana,Summer,0.0
1709,2021,BUR,Japan,1,0,0,1,Burkina Faso,Summer,0.0
1710,2021,GHA,Japan,1,0,0,1,Ghana,Summer,0.0
1711,2021,GRN,Japan,1,0,0,1,Grenada,Summer,0.0
1712,2021,KUW,Japan,1,0,0,1,Kuwait,Summer,0.0
1713,2021,USA,Japan,33,39,41,113,USA,Summer,0.0
1714,2021,CHN,Japan,18,38,32,88,China,Summer,0.0
1715,2021,GBR,Japan,22,22,21,65,UK,Summer,0.0
1716,2021,RUS,Japan,23,20,28,71,Russia,Summer,0.0
1717,2021,KOR,Japan,10,6,4,20,South Korea,Summer,0.0
1718,2021,IRI,Japan,2,3,2,7,Iran,Summer,0.0
1719,2021,TPE,Japan,6,2,4,12,Taiwan,Summer,0.0
1720,2021,HKG,Japan,3,1,2,6,China,Summer,0.0
1721,2021,MKD,Japan,0,0,1,1,Macedonia,Summer,0.0
1722,2021,CIV,Japan,1,0,0,1,Ivory Coast,Summer,0.0
1723,2021,MDA,Japan,1,0,0,1,Moldova,Summer,0.0
1724,2021,SYR,Japan,1,0,0,1,Syria,Summer,0.0
